person_id	year_min	year_max
1	1918	1924
2	1918	1920
3	1919	1919
4	1915	1919
5	1911	1927
6	1917	1920
7	1919	1920
8	1911	1920
9	1919	1919
10	1916	1919
11	1917	1923
12	1917	1919
13	1919	1919
14	1918	1922
15	1919	1921
16	1919	1921
17	1919	1926
18	1919	1923
19	1917	1922
20	1916	1920
21	1918	1920
22	1918	1919
23	1919	1919
24	1903	1921
25	1919	1922
26	1915	1921
27	1919	1919
28	1904	1921
29	1915	1919
30	1918	1926
31	1911	1921
32	1918	1920
33	1918	1926
34	1919	1919
35	1916	1922
36	1918	1922
37	1918	1920
38	1918	1923
39	1919	1919
40	1918	1920
41	1913	1919
42	1919	1919
43	1919	1923
44	1919	1919
45	1919	1919
46	1919	1920
47	1916	1920
48	1918	1920
49	1918	1920
50	1914	1919
51	1915	1921
52	1912	1921
53	1911	1919
54	1919	1923
55	1917	1921
56	1919	1923
57	1919	1919
58	1919	1921
59	1918	1919
60	1919	1919
61	1917	1919
62	1916	1922
63	1918	1922
64	1916	1921
65	1919	1920
66	1916	1920
67	1919	1919
68	1919	1919
69	1918	1919
70	1919	1920
71	1918	1922
72	1915	1919
73	1917	1920
74	1919	1919
75	1915	1920
76	1919	1919
77	1916	1921
78	1919	1919
79	1917	1920
80	1915	1919
81	1919	1920
82	1917	1921
83	1918	1919
84	1917	1920
85	1914	1920
86	1918	1919
87	1917	1922
88	1919	1919
89	1919	1919
90	1918	1923
91	1918	1920
92	1919	1922
93	1918	1923
94	1918	1920
95	1918	1922
96	1913	1920
97	1919	1923
98	1919	1919
99	1918	1919
100	1919	1919
101	1917	1919
102	1918	1920
103	1917	1925
104	1918	1922
105	1918	1920
106	1919	1919
107	1919	1922
108	1917	1927
109	1914	1921
110	1918	1924
111	1919	1923
112	1917	1922
113	1919	1920
114	1919	1919
115	1913	1920
116	1916	1921
117	1918	1923
118	1919	1919
119	1917	1920
120	1919	1919
121	1919	1919
122	1919	1919
123	1918	1920
124	1919	1921
125	1919	1923
126	1919	1919
127	1919	1920
128	1919	1919
129	1916	1920
130	1917	1920
131	1919	1920
132	1919	1920
133	1919	1920
134	1919	1920
135	1917	1920
136	1916	1921
137	1918	1919
138	1918	1920
139	1916	1920
140	1919	1920
141	1917	1921
142	1911	1920
143	1916	1920
144	1919	1919
145	1919	1920
146	1919	1919
147	1919	1919
148	1917	1919
149	1912	1922
150	1918	1922
151	1918	1920
152	1916	1919
153	1918	1920
154	1919	1921
155	1919	1922
156	1919	1919
157	1904	1923
158	1918	1922
159	1919	1923
160	1919	1924
161	1918	1920
162	1919	1920
163	1919	1923
166	1919	1920
167	1919	1921
168	1915	1920
169	1919	1920
170	1915	1922
174	1919	1920
175	1918	1920
176	1919	1920
178	1916	1920
179	1919	1923
183	1919	1920
184	1919	1924
185	1919	1920
186	1914	1924
187	1919	1920
189	1911	1920
190	1919	1920
191	1919	1920
192	1919	1920
193	1918	1918
195	1919	1920
196	1919	1920
197	1919	1921
199	1919	1920
200	1919	1920
201	1919	1920
202	1919	1920
203	1918	1920
204	1919	1920
205	1919	1920
206	1919	1920
208	1919	1920
209	1919	1920
210	1919	1920
212	1919	1921
215	1913	1920
216	1919	1922
218	1919	1920
219	1919	1920
220	1919	1920
221	1914	1920
222	1919	1920
223	1919	1920
225	1913	1922
228	1919	1920
230	1917	1925
231	1919	1920
232	1919	1920
233	1919	1920
234	1919	1920
236	1919	1921
237	1919	1920
239	1919	1920
240	1919	1922
245	1919	1923
246	1915	1920
248	1919	1920
249	1912	1920
250	1918	1920
251	1919	1927
252	1919	1920
253	1918	1921
255	1919	1920
257	1919	1924
258	1919	1920
260	1918	1920
261	1919	1920
262	1919	1920
263	1919	1920
265	1919	1920
269	1919	1922
274	1919	1921
275	1919	1920
278	1919	1924
279	1919	1920
280	1919	1920
283	1919	1920
287	1919	1920
288	1919	1920
289	1919	1920
290	1919	1920
291	1917	1920
292	1919	1926
294	1903	1925
295	1919	1920
296	1919	1924
298	1919	1920
300	1919	1923
301	1919	1920
304	1919	1920
306	1919	1921
309	1919	1923
310	1914	1920
312	1913	1922
317	1917	1920
320	1919	1920
321	1919	1920
322	1919	1924
323	1919	1920
324	1919	1920
325	1919	1922
327	1918	1922
328	1919	1920
329	1919	1921
331	1915	1921
334	1919	1920
336	1919	1920
337	1919	1920
338	1919	1920
339	1919	1920
340	1919	1920
345	1919	1920
346	1916	1920
347	1911	1921
349	1918	1921
350	1919	1920
352	1919	1920
354	1919	1920
355	1919	1927
356	1919	1921
358	1908	1920
363	1910	1925
364	1919	1920
365	1919	1920
366	1919	1923
369	1919	1920
370	1913	1927
371	1919	1920
374	1919	1920
375	1919	1920
376	1917	1920
377	1919	1920
380	1919	1920
381	1919	1924
384	1919	1920
387	1919	1920
388	1919	1920
389	1919	1922
392	1919	1920
393	1919	1920
394	1916	1920
395	1919	1923
397	1917	1920
398	1919	1927
399	1919	1920
401	1919	1920
402	1919	1920
407	1918	1923
409	1918	1920
410	1919	1920
411	1919	1921
412	1919	1920
414	1919	1920
417	1920	1920
419	1920	1920
421	1920	1921
430	1920	1920
431	1920	1922
432	1920	1922
434	1920	1920
436	1920	1921
441	1920	1920
442	1920	1920
461	1920	1920
466	1920	1922
468	1920	1926
473	1920	1921
475	1920	1920
478	1918	1921
479	1920	1921
489	1920	1920
491	1920	1920
495	1920	1920
499	1920	1921
508	1920	1922
509	1920	1920
511	1920	1920
514	1920	1920
518	1920	1921
521	1920	1922
525	1920	1924
526	1920	1923
532	1920	1922
536	1917	1923
541	1918	1920
543	1920	1921
547	1920	1923
552	1920	1920
553	1920	1920
556	1920	1920
557	1920	1922
558	1920	1920
564	1920	1920
565	1920	1920
566	1920	1920
573	1920	1920
578	1920	1924
581	1920	1922
583	1920	1923
586	1920	1921
587	1920	1921
588	1920	1921
589	1920	1923
590	1920	1921
592	1920	1922
594	1920	1921
596	1920	1924
597	1920	1921
599	1920	1921
601	1920	1922
602	1920	1922
606	1920	1921
608	1920	1925
609	1920	1921
610	1920	1921
613	1916	1923
617	1920	1921
618	1920	1922
619	1920	1921
621	1920	1922
622	1920	1921
625	1920	1922
627	1920	1925
628	1920	1925
630	1920	1921
633	1920	1921
634	1920	1924
635	1920	1921
636	1920	1922
640	1920	1921
641	1918	1921
642	1920	1925
643	1920	1921
644	1920	1925
646	1914	1922
651	1917	1922
652	1920	1921
655	1920	1924
656	1920	1925
657	1920	1926
658	1920	1921
661	1920	1925
663	1920	1921
665	1921	1921
666	1916	1921
669	1921	1921
672	1921	1922
674	1921	1921
675	1921	1927
677	1921	1921
682	1921	1921
683	1921	1922
684	1921	1922
686	1921	1924
687	1921	1921
688	1921	1921
690	1921	1921
691	1918	1923
694	1921	1921
695	1921	1921
696	1921	1922
698	1921	1921
700	1921	1921
701	1921	1921
704	1921	1921
705	1921	1922
706	1913	1921
712	1921	1922
713	1921	1923
715	1921	1922
716	1921	1924
717	1921	1921
719	1921	1921
720	1921	1922
723	1921	1921
725	1921	1922
726	1921	1921
728	1921	1922
729	1922	1923
730	1921	1927
733	1921	1923
734	1910	1921
735	1921	1921
737	1921	1924
738	1921	1921
739	1921	1921
742	1921	1922
744	1921	1922
746	1921	1921
748	1921	1922
749	1921	1921
752	1921	1924
753	1921	1921
754	1921	1923
755	1921	1923
756	1921	1922
758	1921	1922
761	1921	1927
763	1921	1921
764	1921	1924
766	1921	1922
767	1921	1923
768	1921	1924
769	1921	1924
771	1921	1922
772	1921	1927
773	1921	1921
774	1921	1923
776	1921	1923
777	1921	1923
779	1921	1921
780	1921	1921
783	1921	1923
784	1921	1923
786	1916	1922
787	1921	1926
789	1921	1922
790	1921	1921
791	1921	1925
793	1921	1921
794	1921	1925
795	1921	1924
802	1921	1922
805	1921	1923
809	1921	1921
811	1921	1921
812	1921	1921
813	1921	1922
817	1921	1921
819	1921	1921
821	1921	1922
822	1921	1921
823	1921	1921
826	1921	1923
828	1921	1921
833	1921	1921
836	1921	1925
838	1921	1921
839	1915	1922
840	1921	1923
844	1921	1921
846	1921	1921
847	1921	1921
850	1921	1922
853	1921	1921
854	1921	1921
855	1921	1921
856	1921	1922
857	1921	1921
858	1913	1921
861	1921	1923
862	1921	1922
864	1921	1921
867	1921	1922
868	1921	1923
869	1921	1921
870	1921	1921
871	1921	1921
872	1921	1924
874	1905	1921
877	1921	1921
879	1921	1921
880	1921	1921
882	1921	1921
883	1921	1925
886	1921	1921
888	1921	1922
889	1921	1922
890	1921	1921
891	1921	1921
893	1921	1921
896	1921	1921
898	1921	1926
901	1921	1921
902	1921	1921
907	1921	1922
908	1921	1923
909	1921	1922
910	1921	1922
911	1921	1923
912	1906	1923
914	1921	1922
916	1921	1922
917	1921	1922
919	1921	1922
920	1921	1926
922	1921	1922
924	1921	1922
925	1921	1922
926	1921	1922
927	1921	1922
930	1921	1923
932	1921	1922
934	1921	1922
935	1921	1922
936	1921	1922
937	1921	1923
939	1921	1922
940	1921	1926
941	1921	1925
942	1921	1922
947	1921	1922
948	1921	1922
951	1921	1924
952	1921	1922
953	1921	1926
956	1921	1923
958	1921	1923
959	1921	1922
961	1921	1922
962	1921	1923
963	1921	1925
964	1921	1923
965	1921	1923
967	1921	1922
968	1921	1925
970	1921	1922
972	1921	1926
973	1921	1922
974	1921	1923
976	1921	1922
978	1921	1922
984	1921	1922
985	1921	1922
986	1921	1922
987	1921	1925
988	1921	1926
989	1921	1922
990	1921	1922
992	1921	1922
993	1921	1922
994	1921	1922
998	1921	1923
999	1921	1923
1002	1921	1922
1004	1921	1924
1009	1921	1922
1010	1921	1922
1012	1921	1923
1015	1921	1922
1016	1921	1922
1017	1921	1922
1018	1921	1922
1019	1921	1925
1021	1921	1922
1024	1921	1922
1025	1921	1922
1027	1921	1922
1029	1921	1922
1030	1921	1923
1031	1921	1926
1032	1921	1924
1035	1921	1922
1036	1921	1922
1039	1921	1922
1041	1921	1926
1043	1921	1925
1044	1921	1926
1045	1921	1922
1048	1921	1925
1049	1921	1922
1051	1921	1922
1053	1921	1922
1055	1921	1923
1059	1921	1922
1060	1921	1925
1061	1921	1922
1062	1921	1922
1065	1921	1923
1067	1921	1922
1071	1921	1922
1073	1921	1922
1074	1921	1922
1075	1921	1922
1076	1921	1922
1077	1911	1927
1080	1921	1925
1081	1921	1923
1082	1921	1922
1086	1921	1922
1087	1921	1922
1088	1921	1922
1093	1921	1922
1094	1921	1925
1099	1921	1924
1101	1921	1922
1107	1921	1927
1109	1921	1922
1110	1921	1922
1111	1921	1922
1113	1921	1925
1114	1921	1922
1115	1921	1923
1116	1921	1925
1117	1921	1922
1118	1921	1922
1119	1921	1922
1128	1921	1923
1131	1921	1923
1132	1921	1923
1133	1921	1922
1134	1921	1922
1135	1921	1923
1136	1921	1922
1138	1921	1924
1139	1921	1922
1140	1921	1923
1142	1921	1922
1144	1921	1922
1145	1921	1922
1148	1921	1922
1150	1921	1922
1151	1921	1923
1154	1921	1922
1155	1921	1922
1158	1921	1922
1159	1921	1922
1163	1921	1922
1164	1921	1922
1168	1921	1922
1169	1921	1922
1170	1921	1922
1171	1921	1922
1174	1921	1922
1175	1921	1922
1177	1921	1922
1178	1921	1924
1179	1921	1922
1180	1921	1922
1181	1921	1922
1183	1921	1923
1189	1921	1922
1190	1921	1922
1193	1921	1922
1194	1921	1927
1199	1921	1922
1201	1921	1922
1202	1921	1922
1204	1921	1923
1205	1921	1922
1206	1921	1923
1207	1921	1925
1208	1921	1922
1209	1921	1923
1211	1921	1922
1212	1921	1922
1213	1921	1925
1214	1921	1927
1216	1921	1922
1217	1921	1922
1218	1921	1923
1219	1921	1923
1220	1921	1922
1221	1921	1922
1222	1921	1925
1223	1921	1922
1225	1921	1922
1226	1921	1922
1227	1921	1922
1228	1921	1922
1229	1921	1922
1230	1921	1922
1231	1921	1922
1233	1921	1922
1236	1921	1922
1239	1921	1924
1242	1921	1922
1243	1921	1922
1244	1921	1926
1245	1921	1927
1247	1921	1922
1250	1921	1922
1254	1921	1922
1256	1921	1923
1258	1922	1922
1260	1922	1922
1261	1922	1922
1262	1922	1922
1266	1922	1926
1278	1922	1922
1279	1922	1922
1282	1922	1925
1287	1922	1922
1292	1922	1922
1298	1922	1922
1300	1922	1922
1304	1922	1922
1307	1922	1924
1315	1922	1922
1322	1922	1922
1328	1922	1927
1333	1922	1926
1335	1922	1922
1338	1922	1922
1339	1922	1924
1342	1922	1922
1343	1922	1925
1345	1922	1923
1347	1922	1926
1353	1922	1924
1357	1922	1922
1360	1922	1922
1365	1922	1923
1366	1922	1923
1367	1922	1922
1368	1922	1922
1369	1922	1927
1370	1922	1922
1373	1922	1923
1377	1922	1922
1378	1922	1922
1386	1922	1923
1388	1922	1926
1391	1922	1922
1395	1922	1922
1407	1922	1923
1408	1922	1924
1411	1922	1922
1413	1922	1923
1415	1922	1923
1418	1922	1926
1423	1922	1922
1429	1922	1923
1436	1922	1923
1439	1922	1922
1440	1922	1922
1444	1922	1925
1457	1922	1922
1459	1922	1923
1461	1922	1922
1462	1922	1923
1466	1922	1924
1468	1922	1922
1469	1922	1922
1470	1922	1922
1473	1922	1924
1478	1922	1926
1483	1922	1923
1486	1922	1923
1487	1922	1922
1489	1922	1923
1498	1922	1922
1509	1922	1923
1511	1922	1923
1519	1914	1923
1521	1922	1923
1522	1922	1924
1530	1922	1923
1531	1922	1923
1532	1922	1923
1533	1922	1923
1535	1922	1923
1540	1922	1924
1545	1922	1923
1546	1922	1923
1547	1922	1923
1549	1922	1923
1550	1922	1923
1552	1922	1923
1553	1922	1924
1555	1922	1923
1556	1922	1923
1558	1922	1923
1559	1922	1925
1561	1922	1927
1562	1922	1923
1563	1922	1923
1564	1922	1923
1567	1922	1923
1571	1922	1923
1572	1922	1923
1573	1922	1924
1575	1922	1927
1578	1922	1927
1579	1922	1923
1583	1922	1923
1588	1922	1923
1590	1922	1923
1591	1922	1925
1593	1922	1923
1596	1922	1923
1598	1922	1923
1600	1922	1923
1602	1922	1925
1603	1922	1925
1606	1922	1923
1607	1922	1923
1609	1922	1923
1612	1922	1923
1613	1922	1923
1616	1922	1923
1618	1922	1923
1621	1922	1923
1622	1922	1923
1623	1922	1927
1624	1922	1923
1625	1922	1923
1627	1922	1923
1630	1922	1923
1631	1922	1923
1634	1922	1923
1635	1922	1924
1638	1922	1923
1639	1922	1925
1641	1922	1923
1642	1922	1926
1649	1922	1925
1658	1922	1923
1659	1922	1923
1660	1922	1923
1662	1922	1924
1666	1922	1923
1668	1922	1923
1669	1922	1923
1672	1922	1923
1674	1922	1924
1679	1922	1923
1682	1922	1923
1683	1922	1923
1684	1922	1923
1685	1922	1923
1686	1922	1923
1688	1911	1924
1691	1922	1923
1692	1922	1924
1694	1922	1923
1695	1917	1927
1698	1922	1923
1700	1922	1923
1701	1922	1924
1703	1900	1925
1704	1922	1923
1708	1922	1924
1709	1922	1924
1716	1922	1923
1717	1922	1923
1719	1922	1923
1724	1922	1923
1725	1922	1926
1729	1922	1923
1730	1922	1923
1734	1922	1923
1735	1922	1924
1740	1922	1923
1741	1922	1923
1742	1922	1923
1744	1922	1923
1745	1922	1923
1747	1922	1923
1749	1922	1926
1750	1922	1924
1753	1922	1923
1754	1922	1924
1755	1922	1923
1756	1922	1926
1757	1922	1923
1760	1922	1924
1761	1922	1923
1762	1922	1923
1765	1922	1923
1766	1922	1923
1770	1922	1926
1771	1922	1925
1773	1922	1923
1775	1922	1925
1776	1922	1923
1777	1922	1923
1779	1922	1923
1780	1922	1923
1782	1922	1923
1783	1922	1925
1786	1922	1923
1789	1922	1923
1792	1922	1923
1793	1922	1925
1794	1922	1924
1795	1922	1923
1799	1922	1923
1808	1922	1923
1812	1922	1923
1813	1922	1923
1814	1922	1926
1815	1922	1923
1820	1922	1923
1821	1922	1923
1822	1922	1925
1824	1916	1923
1825	1922	1923
1826	1922	1926
1832	1922	1924
1833	1922	1923
1835	1922	1923
1836	1922	1923
1838	1923	1923
1845	1923	1924
1848	1923	1924
1854	1923	1924
1862	1923	1923
1863	1923	1923
1864	1923	1923
1869	1923	1923
1871	1923	1924
1878	1923	1923
1889	1923	1923
1895	1923	1923
1933	1923	1927
1934	1923	1923
1937	1923	1923
1938	1923	1923
1945	1923	1923
1948	1923	1923
1954	1923	1924
1956	1923	1923
1957	1923	1923
1960	1923	1923
1967	1923	1923
1970	1923	1923
1972	1923	1927
1984	1923	1923
1985	1923	1926
1986	1923	1926
1994	1923	1927
1996	1923	1924
2000	1923	1924
2004	1923	1923
2010	1923	1923
2011	1923	1924
2014	1923	1924
2018	1923	1923
2022	1923	1923
2035	1923	1927
2036	1923	1923
2038	1923	1923
2039	1923	1923
2040	1923	1927
2049	1923	1923
2052	1923	1924
2055	1923	1924
2056	1923	1927
2057	1923	1927
2061	1923	1924
2068	1923	1924
2071	1923	1927
2073	1923	1924
2074	1923	1926
2075	1923	1924
2076	1923	1927
2079	1923	1924
2083	1923	1924
2084	1923	1924
2085	1923	1925
2086	1923	1924
2087	1923	1926
2091	1923	1924
2096	1923	1927
2097	1923	1924
2100	1923	1924
2104	1923	1926
2105	1923	1924
2106	1908	1927
2108	1923	1924
2111	1923	1924
2112	1923	1924
2115	1923	1924
2117	1923	1925
2120	1923	1927
2122	1923	1924
2126	1923	1924
2127	1923	1927
2129	1923	1924
2130	1923	1924
2131	1923	1927
2132	1923	1924
2137	1923	1927
2141	1923	1925
2142	1923	1924
2145	1923	1924
2148	1923	1924
2149	1923	1924
2151	1923	1924
2157	1923	1924
2158	1923	1924
2162	1923	1925
2163	1923	1924
2166	1923	1924
2168	1923	1924
2170	1923	1924
2176	1923	1924
2180	1923	1925
2186	1923	1924
2188	1923	1924
2190	1923	1924
2193	1923	1924
2194	1923	1924
2197	1923	1924
2199	1923	1925
2200	1923	1924
2201	1923	1927
2202	1923	1924
2203	1923	1924
2204	1923	1924
2205	1923	1927
2208	1923	1924
2212	1923	1926
2213	1923	1924
2218	1923	1924
2219	1923	1924
2220	1923	1924
2221	1910	1924
2226	1923	1927
2229	1923	1924
2231	1923	1926
2233	1923	1926
2235	1923	1926
2236	1923	1924
2245	1923	1927
2246	1923	1924
2249	1923	1924
2252	1923	1924
2254	1923	1926
2255	1923	1924
2258	1923	1925
2262	1923	1924
2263	1923	1924
2267	1923	1927
2269	1923	1924
2270	1923	1927
2271	1923	1924
2272	1923	1925
2276	1923	1924
2277	1923	1924
2280	1912	1924
2284	1923	1925
2285	1923	1927
2287	1923	1924
2291	1923	1924
2292	1923	1924
2295	1923	1924
2296	1923	1927
2297	1924	1924
2299	1924	1927
2302	1924	1924
2310	1924	1924
2319	1924	1925
2320	1924	1925
2327	1924	1926
2337	1924	1927
2338	1912	1926
2360	1924	1927
2361	1924	1927
2369	1924	1924
2371	1924	1924
2372	1924	1924
2397	1924	1925
2401	1924	1924
2408	1924	1926
2410	1924	1925
2411	1924	1924
2412	1924	1924
2413	1924	1924
2415	1924	1924
2416	1924	1924
2424	1924	1927
2426	1924	1924
2432	1924	1926
2436	1924	1925
2437	1924	1924
2448	1924	1926
2449	1924	1924
2452	1924	1924
2457	1924	1927
2465	1924	1927
2470	1924	1927
2476	1924	1927
2479	1924	1927
2481	1924	1925
2482	1924	1925
2486	1924	1925
2487	1924	1925
2489	1924	1926
2490	1924	1926
2492	1924	1925
2494	1924	1925
2499	1924	1927
2500	1924	1926
2501	1924	1925
2502	1924	1925
2503	1924	1925
2504	1924	1927
2505	1924	1925
2508	1924	1927
2509	1924	1925
2512	1924	1927
2514	1924	1925
2516	1924	1925
2517	1924	1925
2518	1924	1925
2520	1924	1925
2524	1924	1925
2525	1924	1925
2526	1924	1925
2527	1924	1927
2530	1924	1925
2537	1924	1926
2539	1924	1925
2541	1924	1925
2544	1924	1925
2545	1924	1926
2547	1924	1925
2548	1924	1925
2550	1924	1927
2552	1924	1926
2557	1924	1925
2561	1924	1927
2562	1924	1925
2564	1924	1927
2567	1924	1925
2569	1924	1927
2572	1924	1925
2576	1924	1927
2577	1924	1925
2580	1924	1925
2585	1924	1925
2587	1924	1925
2590	1924	1927
2593	1924	1925
2594	1924	1927
2596	1924	1925
2597	1924	1925
2598	1924	1925
2605	1924	1927
2609	1924	1925
2611	1924	1927
2616	1924	1926
2619	1924	1927
2621	1924	1925
2622	1924	1927
2624	1924	1927
2626	1924	1925
2627	1924	1925
2628	1924	1925
2629	1924	1925
2630	1924	1927
2632	1924	1925
2633	1924	1925
2634	1924	1927
2636	1924	1926
2638	1924	1927
2639	1924	1925
2640	1924	1925
2641	1924	1925
2642	1924	1925
2643	1924	1925
2645	1924	1926
2646	1924	1925
2647	1924	1925
2650	1924	1925
2655	1924	1925
2657	1924	1926
2659	1924	1927
2664	1924	1927
2665	1924	1925
2667	1924	1925
2670	1924	1926
2671	1924	1926
2672	1924	1925
2673	1924	1925
2676	1924	1925
2680	1924	1925
2681	1924	1925
2682	1924	1925
2683	1900	1925
2687	1924	1925
2688	1924	1925
2689	1924	1925
2691	1924	1925
2696	1926	1926
2703	1924	1925
2708	1924	1927
2710	1924	1926
2711	1924	1925
2713	1924	1925
2714	1924	1925
2715	1924	1925
2718	1925	1927
2720	1925	1925
2723	1925	1925
2725	1925	1927
2728	1925	1927
2729	1925	1925
2730	1925	1927
2731	1925	1926
2734	1925	1927
2738	1925	1925
2740	1925	1925
2749	1925	1927
2752	1925	1927
2754	1925	1925
2756	1925	1926
2759	1925	1926
2760	1925	1927
2770	1925	1925
2771	1925	1925
2775	1925	1925
2785	1925	1925
2789	1925	1926
2791	1925	1925
2797	1925	1925
2800	1925	1925
2804	1925	1927
2811	1925	1927
2812	1925	1926
2814	1925	1925
2816	1925	1925
2820	1925	1925
2822	1925	1925
2829	1925	1926
2830	1925	1925
2836	1925	1926
2838	1925	1927
2844	1925	1927
2846	1925	1925
2849	1925	1927
2850	1925	1925
2861	1925	1927
2870	1925	1927
2874	1925	1926
2875	1925	1925
2876	1925	1927
2879	1925	1925
2881	1925	1925
2887	1925	1926
2888	1925	1925
2889	1925	1925
2891	1925	1926
2895	1925	1925
2897	1925	1925
2899	1925	1927
2913	1925	1927
2916	1925	1927
2922	1925	1926
2923	1925	1926
2924	1925	1926
2925	1925	1927
2926	1925	1926
2932	1925	1927
2935	1925	1926
2936	1925	1926
2937	1913	1927
2944	1925	1926
2947	1925	1926
2949	1925	1926
2950	1925	1926
2951	1925	1926
2955	1925	1926
2956	1925	1926
2957	1925	1927
2958	1925	1926
2963	1925	1927
2973	1925	1926
2976	1925	1926
2979	1925	1927
2980	1925	1927
2981	1925	1927
2982	1925	1926
2983	1925	1927
2984	1925	1926
2986	1925	1927
2987	1925	1926
2990	1925	1926
2991	1925	1927
2992	1925	1926
2993	1925	1927
2997	1925	1927
2999	1925	1927
3003	1925	1926
3005	1925	1927
3012	1925	1926
3015	1925	1927
3016	1925	1926
3020	1925	1927
3021	1925	1926
3022	1925	1927
3023	1924	1927
3024	1925	1927
3026	1925	1926
3027	1925	1926
3029	1925	1927
3032	1925	1926
3034	1925	1927
3036	1925	1926
3038	1925	1926
3045	1925	1926
3046	1925	1926
3048	1925	1926
3049	1925	1926
3052	1925	1926
3056	1925	1926
3057	1925	1927
3060	1925	1927
3061	1925	1927
3066	1925	1926
3071	1925	1927
3072	1925	1926
3073	1925	1926
3074	1925	1926
3077	1925	1926
3080	1925	1926
3084	1925	1927
3085	1925	1926
3088	1925	1926
3090	1925	1926
3092	1925	1927
3096	1925	1926
3100	1925	1927
3102	1925	1927
3104	1925	1926
3105	1925	1926
3106	1925	1927
3108	1925	1926
3109	1925	1926
3112	1925	1927
3114	1925	1926
3115	1925	1926
3116	1925	1926
3117	1925	1926
3119	1925	1927
3120	1925	1926
3122	1925	1926
3125	1925	1926
3128	1925	1927
3131	1925	1926
3132	1925	1927
3136	1925	1926
3137	1925	1927
3139	1925	1926
3140	1925	1926
3144	1925	1926
3148	1925	1926
3150	1925	1927
3158	1926	1927
3160	1926	1927
3163	1926	1927
3172	1926	1926
3177	1926	1926
3179	1926	1927
3182	1926	1926
3185	1902	1926
3187	1926	1927
3189	1926	1926
3193	1926	1927
3195	1926	1927
3196	1926	1927
3201	1926	1926
3209	1926	1927
3214	1926	1926
3220	1926	1926
3228	1926	1926
3230	1926	1926
3233	1926	1926
3242	1926	1927
3246	1926	1926
3247	1926	1927
3248	1926	1926
3250	1926	1926
3251	1926	1926
3256	1926	1926
3257	1926	1926
3258	1926	1926
3262	1926	1926
3264	1926	1927
3272	1926	1926
3274	1926	1927
3276	1926	1927
3280	1926	1926
3300	1926	1927
3308	1926	1926
3310	1926	1926
3319	1926	1926
3326	1926	1926
3328	1926	1926
3332	1914	1927
3338	1926	1927
3344	1926	1927
3345	1926	1927
3346	1926	1927
3349	1926	1927
3350	1926	1927
3354	1926	1927
3358	1926	1927
3359	1926	1927
3360	1926	1927
3363	1926	1927
3365	1926	1927
3366	1926	1927
3367	1926	1927
3368	1926	1927
3369	1926	1927
3371	1926	1927
3372	1926	1927
3374	1926	1927
3375	1926	1927
3376	1926	1927
3377	1926	1927
3380	1926	1927
3383	1926	1927
3389	1926	1927
3392	1900	1927
3394	1926	1927
3395	1926	1927
3397	1926	1927
3399	1926	1927
3401	1926	1927
3403	1926	1927
3406	1926	1927
3411	1926	1927
3414	1926	1927
3416	1926	1927
3419	1926	1927
3423	1926	1927
3425	1926	1927
3428	1926	1927
3430	1926	1927
3431	1926	1927
3436	1926	1927
3437	1926	1927
3440	1926	1927
3442	1926	1927
3447	1926	1927
3448	1926	1927
3452	1926	1927
3458	1926	1927
3459	1926	1927
3463	1926	1927
3465	1926	1927
3466	1926	1927
3469	1926	1927
3470	1926	1927
3472	1926	1927
3473	1926	1927
3477	1926	1927
3479	1926	1927
3480	1926	1927
3483	1926	1927
3488	1926	1927
3489	1926	1927
3490	1926	1927
3493	1926	1927
3496	1926	1927
3497	1926	1927
3499	1926	1927
3500	1926	1927
3501	1926	1927
3505	1926	1927
3506	1926	1927
3507	1926	1927
3510	1926	1927
3511	1926	1927
3513	1926	1927
3514	1926	1927
3518	1926	1927
3519	1926	1927
3521	1926	1927
3522	1926	1927
3525	1926	1927
3526	1926	1927
3527	1926	1927
3530	1926	1927
3531	1926	1927
3532	1926	1927
3533	1926	1927
3535	1926	1927
3543	1926	1927
3544	1926	1927
3547	1926	1927
3548	1926	1927
3549	1926	1927
3550	1926	1927
3551	1926	1927
3553	1926	1927
3554	1926	1927
3555	1926	1927
3557	1926	1927
3561	1926	1927
3563	1926	1927
3565	1926	1927
3569	1926	1927
3570	1926	1927
3571	1926	1927
3573	1926	1927
3574	1926	1927
3575	1926	1927
3578	1926	1927
3581	1926	1927
3583	1926	1927
3584	1926	1927
3585	1926	1927
3596	1927	1927
3601	1927	1927
3607	1927	1927
3608	1927	1927
3611	1927	1927
3612	1927	1927
3613	1927	1927
3618	1927	1927
3623	1927	1927
3625	1927	1927
3627	1927	1927
3632	1927	1927
3638	1927	1927
3639	1927	1927
3646	1927	1927
3650	1927	1927
3658	1927	1927
3661	1927	1927
3662	1927	1927
3670	1927	1927
3677	1927	1927
3681	1927	1927
3684	1927	1927
3688	1927	1927
3690	1927	1927
3691	1927	1927
3700	1927	1927
3702	1927	1927
3703	1927	1927
3707	1927	1927
3715	1927	1927
3716	1927	1927
3719	1927	1927
3722	1927	1927
3724	1927	1927
3725	1927	1927
3731	1927	1927
3739	1927	1927
3741	1927	1927
3744	1927	1927
3749	1927	1927
3750	1927	1927
3756	1927	1927
3758	1927	1927
3760	1927	1927
3761	1927	1927
3767	1927	1927
3779	1927	1927
3784	1927	1927
3786	1927	1927
3791		
3792		
3793		
3794		
3795		
3796		
3797		
3798		
3799		
3800		
3801		
3802		
3803		
3804		
3805		
3806		
3807		
3808		
3809		
3810		
3811		
3812		
3813		
3814		
3815		
3816		
3817		
3818		
3819		
3820		
3821		
3822		
3823		
3824		
3825		
3826		
3827		
3828		
3829		
3830		
3831		
3832		
3833		
3834		
3835		
3836		
3837		
3838	1886	1903
3839		
3840		
3841		
3842		
3843	1895	1902
3844		
3845		
3846		
3847		
3848		
3849		
3850		
3851		
3852		
3853		
3854		
3855		
3856		
3857		
3858		
3859		
3860		
3861		
3862		
3863		
3864		
3865		
3866	1886	1889
3867		
3868		
3869		
3870		
3871		
3872		
3873		
3874	1881	1885
3875		
3876		
3877		
3878		
3879		
3880		
3881		
3882		
3883		
3884		
3885		
3886		
3887		
3888		
3889		
3890	1891	1910
3891		
3892		
3893		
3894		
3895		
3896		
3897		
3898		
3899		
3900		
3901		
3902		
3903		
3904		
3905		
3906		
3907		
3908		
3909		
3910		
3911		
3912		
3913		
3914		
3915		
3916		
3917		
3918		
3919		
3920		
3921		
3922		
3923		
3924		
3925		
3926		
3927		
3928		
3929		
3930		
3931		
3932		
3933		
3934		
3935		
3936		
3937		
3938		
3939		
3940		
3941		
3942		
3943		
3944		
3945		
3946		
3947		
3948		
3949		
3950		
3951		
3952		
3953		
3954		
3955		
3956		
3957		
3958	1873	1880
3959		
3960		
3961		
3962		
3963		
3964		
3965		
3966		
3967	1874	1877
3968		
3969		
3970		
3971		
3972		
3973		
3974		
3975	1896	1900
3976		
3977		
3978		
3979		
3980		
3981	1884	1889
3982		
3983		
3984		
3985		
3986		
3987		
3988		
3989		
3990		
3991		
3992		
3993		
3994		
3995		
3996		
3997	1894	1899
3998		
3999		
4000		
4001		
4002		
4003		
4004		
4005		
4006		
4007		
4008		
4009		
4010		
4011		
4012		
4013	1895	1897
4014		
4015		
4016		
4017		
4018	1875	1876
4019		
4020		
4021		
4022		
4023		
4024		
4025		
4026		
4027		
4028		
4029		
4030	1895	1907
4031		
4032		
4033		
4034	1896	1901
4035		
4036		
4037		
4038		
4039		
4040		
4041		
4042		
4043		
4044		
4045		
4046		
4047		
4048		
4049		
4050		
4051		
4052	1879	1916
4053		
4054		
4055		
4056		
4057	1872	1882
4058		
4059		
4060		
4061		
4062		
4063	1888	1906
4064		
4065		
4066		
4067		
4068		
4069		
4070		
4071		
4072		
4073		
4074		
4075	1880	1884
4076		
4077		
4078		
4079		
4080		
4081		
4082		
4083	1896	1900
4084		
4085		
4086		
4087		
4088		
4089		
4090		
4091		
4092	1888	1907
4093	1892	1896
4094		
4095		
4096		
4097		
4098		
4099		
4100	1881	1884
4101		
4102		
4103		
4104		
4105		
4106		
4107		
4108		
4109		
4110		
4111		
4112		
4113		
4114		
4115		
4116	1877	1887
4117		
4118		
4119		
4120		
4121	1896	1903
4122		
4123		
4124		
4125		
4126		
4127	1892	1898
4128		
4129		
4130		
4131		
4132	1893	1903
4133		
4134	1876	1877
4135		
4136		
4137		
4138		
4139		
4140		
4141		
4142		
4143	1887	1896
4144		
4145		
4146		
4147		
4148		
4149		
4150		
4151		
4152		
4153		
4154		
4155		
4156		
4157		
4158		
4159		
4160		
4161		
4162		
4163		
4164		
4165		
4166		
4167		
4168		
4169		
4170		
4171		
4172		
4173		
4174		
4175		
4176		
4177		
4178	1913	1915
4179	1910	1910
4180	1917	1918
4181	1907	1908
4183	1913	1915
4184	1907	1908
4186	1904	1906
4187	1907	1908
4188	1918	1919
4189	1897	1903
4190	1909	1911
4191	1917	1918
4192	1917	1918
4193	1918	1919
4194	1898	1900
4195	1917	1919
4196	1911	1913
4197	1915	1919
4198	1913	1915
4199	1914	1916
4200	1908	1909
4201	1906	1919
4202	1916	1919
4203	1900	1904
4204	1902	1906
4205	1901	1903
4206	1910	1911
4207	1915	1918
4208	1908	1909
4209	1907	1910
4210	1916	1918
4211	1912	1915
4212	1901	1903
4213	1907	1908
4214	1902	1908
4215	1912	1914
4216	1902	1904
4217	1904	1906
4219	1918	1919
4220	1905	1908
4221	1918	1919
4222	1914	1919
4223	1907	1912
4225	1914	1915
4226	1913	1915
4227	1904	1907
4228	1915	1917
4229	1899	1906
4230	1903	1908
4231	1915	1919
4232	1914	1917
4233	1911	1913
4234	1906	1908
4236	1908	1910
4237	1918	1919
4238	1908	1909
4239	1915	1915
4240	1903	1908
4241	1903	1908
4242	1906	1908
4245	1904	1908
4246	1916	1919
4247	1898	1903
4248	1902	1908
4249	1908	1909
4250	1910	1911
4251	1913	1916
4252	1906	1919
4254	1905	1907
4255	1912	1914
4256	1903	1905
4257	1901	1904
4258	1918	1918
4259	1907	1918
4260	1910	1915
4261	1901	1903
4262	1897	1908
4265	1903	1908
4266	1915	1916
4267	1908	1914
4268	1912	1914
4269	1900	1906
4270	1904	1908
4271	1902	1912
4272	1906	1908
4274	1907	1908
4275	1913	1914
4276	1911	1917
4277	1906	1913
4278	1916	1917
4279	1905	1908
4280	1910	1913
4281	1906	1907
4282	1902	1908
4283	1909	1912
4284	1906	1908
4285	1903	1905
4286	1908	1909
4287	1915	1919
4288	1905	1906
4289	1915	1915
4290	1905	1907
4291	1907	1908
4292	1902	1908
4293	1912	1914
4294	1912	1914
4295	1910	1915
4297	1907	1910
4298	1906	1908
4299	1907	1908
4300	1913	1919
4301	1904	1907
4302	1907	1910
4303	1915	1917
4304	1902	1908
4305	1899	1904
4306	1902	1904
4307	1908	1915
4308	1915	1915
4310	1898	1900
4311	1898	1903
4312	1910	1912
4314	1914	1915
4315	1899	1901
4316	1914	1917
4317	1911	1915
4319	1898	1902
4320	1910	1918
4321	1906	1906
4322	1914	1917
4323	1906	1908
4324	1913	1919
4325	1912	1919
4326	1918	1918
4327	1903	1906
4328	1900	1904
4329	1903	1907
4330	1913	1914
4331	1902	1908
4332	1902	1903
4333	1911	1914
4334	1911	1913
4335	1900	1902
4336	1903	1905
4337	1903	1908
4338	1916	1919
4339	1914	1915
4340	1902	1904
4341	1902	1907
4342	1899	1901
4343	1901	1905
4344	1913	1915
4345	1881	1908
4346	1910	1912
4347	1910	1912
4348	1918	1918
4349	1903	1913
4350	1903	1905
4351		
4352	1906	1907
4353	1898	1902
4355		
4356	1917	1918
4357	1906	1908
4358	1906	1910
4359	1911	1915
4360	1913	1914
4361	1910	1911
4363	1907	1912
4365	1908	1911
4366	1900	1901
4367	1918	1919
4368	1912	1914
4369	1912	1919
4370	1916	1919
4371	1902	1904
4372	1909	1910
4373	1907	1908
4374	1918	1919
4375	1918	1919
4376	1906	1918
4377	1917	1917
4378	1906	1908
4379	1904	1906
4380	1901	1909
4382	1913	1916
4383	1913	1919
4384	1900	1905
4385	1901	1907
4386	1912	1914
4387	1909	1910
4388	1913	1915
4389	1913	1916
4390	1916	1919
4391	1909	1914
4392	1908	1908
4393	1909	1910
4394	1917	1919
4395	1913	1915
4396	1913	1914
4397	1902	1904
4398	1909	1911
4399	1912	1914
4400	1917	1918
4401	1911	1915
4402	1904	1907
4403	1903	1905
4404	1907	1908
4405	1903	1908
4406	1916	1917
4407	1915	1919
4408	1902	1904
4409	1912	1918
4410	1909	1914
4411	1904	1906
4412	1916	1918
4413	1904	1907
4414	1906	1908
4415	1906	1908
4416	1910	1913
4417	1908	1910
4418	1906	1913
4419	1910	1915
4420	1913	1915
4421	1905	1907
4422	1914	1919
4423	1901	1903
4424	1908	1914
4425	1911	1919
4426	1899	1903
4428	1915	1919
4430	1905	1908
4431	1901	1907
4432	1916	1919
4433	1906	1909
4434	1913	1916
4435	1901	1905
4436	1907	1911
4437	1912	1915
4438	1902	1905
4439	1915	1916
4440	1908	1909
4441	1913	1919
4442	1900	1905
4443	1904	1906
4444	1906	1908
4445	1914	1919
4446	1897	1898
4447	1898	1901
4448	1896	1907
4449	1903	1906
4450	1912	1914
4451	1907	1911
4452	1915	1917
4453	1910	1912
4454	1913	1915
4456	1913	1914
4457	1898	1904
4458	1910	1910
4459	1913	1915
4460	1908	1913
4462	1911	1916
4463	1898	1901
4464	1913	1915
4465	1902	1904
4466	1903	1908
4467	1907	1908
4468	1907	1908
4469	1917	1918
4470	1911	1913
4471	1910	1911
4472	1909	1910
4473	1901	1906
4474	1915	1916
4475	1914	1915
4476	1907	1908
4477	1907	1908
4478	1902	1908
4479	1901	1908
4480	1906	1912
4481	1900	1902
4483	1913	1919
4484	1903	1911
4485	1901	1905
4486	1898	1900
4487	1910	1914
4488	1916	1917
4489	1906	1908
4490	1906	1907
4491	1913	1913
4492	1903	1907
4493	1909	1912
4494	1904	1905
4495	1901	1904
4496	1906	1907
4497	1913	1914
4498	1907	1912
4499	1916	1917
4500	1913	1915
4501	1907	1908
4502	1899	1904
4503	1912	1913
4504	1908	1915
4505	1907	1911
4506	1918	1919
4507	1885	1908
4508	1915	1919
4509	1900	1903
4510	1903	1907
4511	1911	1912
4513	1917	1918
4515	1907	1909
4516	1917	1919
4517	1914	1917
4518	1903	1904
4521	1902	1904
4522	1900	1907
4524	1908	1910
4525	1910	1915
4526	1911	1919
4527	1902	1906
4528	1912	1913
4529	1915	1916
4530	1904	1906
4531	1909	1913
4532	1916	1916
4533	1907	1908
4534	1905	1913
4535	1914	1916
4536	1900	1908
4538	1914	1919
4539	1908	1910
4540	1903	1904
4541	1903	1914
4542	1901	1905
4543	1906	1908
4544	1906	1908
4545	1914	1917
4546	1915	1916
4547	1912	1919
4548	1901	1907
4549	1911	1919
4550	1900	1905
4551	1909	1911
4552	1901	1902
4553	1914	1919
4554	1900	1904
4556	1902	1905
4557	1916	1919
4558	1908	1912
4559	1906	1912
4560	1905	1908
4561	1907	1908
4562	1918	1918
4563	1900	1907
4564	1916	1917
4565	1918	1919
4566	1913	1913
4567	1913	1916
4568	1912	1913
4569	1915	1916
4570	1907	1908
4571	1907	1908
4572	1905	1907
4573	1912	1914
4574	1903	1908
4575	1908	1909
4576	1902	1906
4577	1902	1904
4578	1906	1906
4579	1904	1908
4580	1900	1908
4581	1905	1908
4582	1903	1905
4583	1913	1914
4584	1901	1903
4585	1917	1918
4586	1899	1901
4587	1912	1914
4588	1907	1919
4589	1901	1903
4590	1913	1914
4591	1907	1908
4592	1908	1909
4593	1904	1906
4595	1903	1905
4596	1904	1911
4597	1907	1908
4598	1906	1918
4599	1908	1912
4600	1915	1916
4601	1905	1908
4602	1912	1918
4603	1908	1913
4604	1908	1914
4605	1911	1919
4606	1906	1908
4607	1912	1914
4608	1913	1917
4609	1910	1912
4610	1913	1914
4611	1911	1916
4612	1915	1918
4613	1903	1905
4614	1916	1917
4615	1912	1915
4616	1915	1916
4617	1903	1905
4619	1918	1919
4620	1905	1913
4621	1908	1908
4622	1908	1910
4624	1913	1915
4625	1902	1904
4626	1909	1913
4628	1900	1902
4629	1903	1904
4630	1914	1915
4631	1916	1917
4632	1898	1900
4633	1913	1915
4635	1906	1915
4636	1901	1906
4637	1914	1915
4638	1906	1912
4639	1913	1918
4640	1903	1912
4641	1915	1915
4642	1904	1906
4643	1902	1904
4644	1909	1915
4646	1917	1919
4647	1914	1915
4648	1908	1914
4649	1908	1912
4651	1901	1902
4652	1914	1919
4653	1912	1915
4654	1906	1908
4655	1911	1914
4656	1916	1916
4657	1915	1915
4658	1913	1914
4659	1910	1919
4660	1914	1915
4661	1918	1919
4662	1908	1911
4663	1907	1908
4664	1903	1907
4666	1914	1919
4669	1911	1912
4670	1908	1910
4671	1902	1906
4672	1916	1917
4673	1915	1917
4674	1905	1908
4675	1910	1915
4677	1913	1915
4678	1901	1904
4679	1899	1901
4681	1906	1908
4682	1902	1904
4684	1913	1918
4685	1901	1905
4686	1914	1915
4687	1907	1908
4688	1904	1905
4689	1916	1917
4690	1907	1917
4691	1902	1904
4692	1913	1914
4693	1900	1902
4694	1913	1919
4695	1907	1908
4696	1910	1916
4697	1897	1899
4698	1909	1915
4699	1899	1900
4700	1912	1916
4701	1918	1919
4702	1911	1912
4703	1917	1918
4704	1911	1914
4706	1906	1908
4707	1915	1917
4708	1907	1913
4709	1908	1910
4710	1915	1917
4711	1898	1902
4712	1898	1901
4713	1907	1908
4714	1897	1902
4715	1915	1917
4716	1917	1917
4717	1913	1915
4718	1907	1908
4719	1902	1904
4721	1914	1916
4722	1913	1915
4723	1912	1915
4725	1917	1919
4726	1912	1913
4728	1915	1916
4729	1903	1905
4730	1912	1914
4731	1918	1919
4732	1913	1916
4733	1901	1903
4734	1917	1919
4736	1904	1908
4737	1907	1907
4738	1913	1914
4740	1911	1915
4742	1908	1914
4743	1914	1916
4744	1906	1919
4745	1909	1911
4746	1909	1915
4747	1907	1913
4748	1905	1908
4749	1901	1906
4750		
4751	1907	1908
4752	1915	1917
4753	1918	1919
4755	1918	1919
4756	1917	1917
4757	1906	1908
4758	1907	1908
4759	1912	1913
4760	1901	1902
4762	1914	1915
4763	1911	1914
4764	1917	1919
4765	1909	1910
4766	1900	1901
4767	1912	1916
4768	1918	1919
4769	1911	1919
4770	1904	1919
4771	1905	1907
4772	1918	1919
4773	1913	1914
4774	1917	1918
4775	1905	1906
4776	1906	1908
4777	1916	1918
4778	1911	1919
4779	1910	1915
4780	1912	1914
4781	1901	1905
4783	1908	1914
4784	1904	1908
4785	1907	1912
4786	1913	1919
4787	1915	1916
4788	1903	1905
4789	1916	1917
4790	1913	1915
4791	1911	1912
4792	1902	1904
4793	1901	1905
4794	1906	1911
4795	1917	1919
4796	1909	1910
4797	1904	1906
4798	1913	1914
4799	1915	1917
4800	1907	1908
4801	1918	1919
4802	1907	1911
4803	1914	1916
4804	1901	1905
4805	1903	1905
4806	1906	1908
4807	1904	1918
4808	1913	1917
4809	1914	1916
4810	1906	1908
4811	1912	1914
4812	1910	1911
4814	1904	1908
4815	1904	1905
4816	1913	1917
4817	1907	1913
4818	1916	1917
4819	1903	1914
4820	1909	1911
4821	1907	1908
4822	1906	1912
4823	1898	1901
4824	1918	1919
4825	1899	1901
4826	1904	1906
4827	1914	1919
4828	1906	1908
4830	1917	1919
4831	1905	1907
4832	1906	1912
4833	1917	1919
4834	1918	1918
4838	1918	1919
4839	1909	1914
4840	1907	1908
4841	1909	1913
4842	1907	1908
4843	1911	1911
4844	1909	1913
4845	1907	1908
4846	1917	1919
4847	1903	1905
4848	1917	1918
4849	1903	1907
4850	1904	1907
4851	1903	1919
4852	1913	1914
4853	1915	1917
4854	1916	1918
4855	1913	1915
4856	1913	1914
4857	1913	1914
4858	1909	1914
4859	1913	1917
4860	1912	1914
4861	1909	1913
4862	1916	1919
4863	1901	1903
4864	1908	1912
4865	1916	1917
4866	1899	1901
4867	1909	1910
4868	1909	1915
4869	1918	1919
4870	1903	1908
4871	1917	1918
4872	1907	1908
4873	1907	1910
4874	1903	1908
4875	1907	1908
4876	1905	1908
4877	1906	1908
4878	1905	1908
4879	1904	1908
4880	1915	1916
4881	1908	1912
4882	1913	1917
4883	1907	1908
4884	1900	1906
4885	1911	1913
4887	1912	1913
4888	1908	1914
4889	1907	1908
4890	1913	1914
4891	1906	1911
4892	1912	1915
4893	1904	1906
4894	1909	1910
4895	1912	1917
4896	1914	1915
4900	1905	1907
4901	1913	1915
4902	1906	1908
4903	1916	1918
4904	1907	1908
4905	1903	1906
4906	1902	1905
4907	1916	1918
4908	1914	1916
4909	1913	1915
4910	1914	1919
4911		
4912	1898	1901
4913	1900	1902
4914	1913	1914
4915	1905	1909
4916	1902	1915
4918	1908	1910
4919	1916	1917
4920	1910	1917
4921	1903	1908
4922	1914	1919
4923	1906	1908
4924	1911	1913
4925	1907	1914
4926	1905	1908
4927	1904	1907
4928	1918	1918
4929	1914	1916
4931	1908	1909
4932	1913	1914
4933	1903	1905
4934	1916	1917
4935	1908	1909
4936	1911	1913
4937	1911	1913
4938	1901	1905
4939	1913	1915
4940	1915	1915
4941	1905	1908
4942	1905	1907
4943	1911	1915
4944	1909	1911
4945	1907	1908
4946	1908	1909
4947	1915	1915
4948	1906	1910
4949	1912	1916
4950	1900	1901
4952	1918	1919
4953	1903	1907
4954	1899	1901
4955	1918	1919
4956	1902	1907
4957	1903	1905
4958	1906	1908
4959	1904	1905
4961	1910	1911
4964	1915	1917
4965	1916	1917
4967	1917	1919
4969	1912	1915
4970	1918	1919
4971	1906	1908
4972	1918	1919
4974	1911	1912
4975	1913	1916
4976	1903	1908
4977	1911	1919
4978	1913	1915
4979	1901	1903
4980	1904	1905
4981	1911	1914
4982	1911	1913
4984	1914	1915
4985	1904	1912
4986	1903	1908
4988	1901	1905
4989	1911	1914
4990	1913	1915
4991		
4992	1901	1903
4993	1897	1902
4994	1903	1908
4995	1904	1906
4996	1911	1919
4997	1906	1908
4998	1909	1914
4999	1914	1915
5000	1903	1905
5001	1915	1916
5002	1906	1913
5003	1898	1900
5004	1906	1910
5005	1904	1908
5006	1910	1911
5007	1906	1912
5008	1913	1919
5009	1916	1917
5010	1908	1911
5011	1905	1908
5012	1903	1907
5013	1911	1915
5014	1903	1905
5015	1916	1916
5016	1915	1917
5017	1913	1914
5018	1912	1914
5019	1900	1907
5020	1907	1913
5021	1909	1912
5022	1912	1914
5023	1900	1902
5024	1914	1916
5025	1911	1913
5026	1905	1915
5027	1914	1915
5028	1902	1908
5029	1901	1905
5030	1915	1919
5032	1897	1900
5034	1913	1914
5035	1911	1913
5036	1915	1916
5037	1910	1912
5038	1915	1918
5039	1916	1916
5040	1908	1917
5041	1916	1917
5042	1916	1919
5043	1911	1915
5044	1902	1907
5045	1904	1906
5046	1907	1915
5047	1904	1908
5048		
5049	1904	1908
5050	1907	1908
5051	1903	1907
5052	1905	1908
5053	1916	1919
5054	1907	1908
5055	1904	1905
5056	1917	1919
5057	1907	1910
5058	1907	1912
5059	1909	1911
5060	1915	1915
5061	1912	1915
5062	1916	1919
5063	1903	1908
5064	1902	1903
5065	1905	1908
5066	1912	1917
5067	1912	1919
5068	1910	1912
5069	1906	1912
5070	1906	1908
5071	1899	1901
5072	1907	1908
5073	1900	1903
5074	1908	1909
5075	1914	1918
5076	1908	1910
5077	1914	1916
5078	1916	1918
5079	1902	1907
5080	1917	1918
5081	1901	1914
5082	1906	1908
5083	1901	1903
5084	1899	1902
5085	1909	1915
5086	1904	1908
5087	1861	1911
5088	1913	1919
5089	1912	1914
5090	1912	1916
5091	1906	1908
5092	1903	1908
5093	1912	1915
5094	1901	1908
5095	1912	1913
5097	1908	1909
5098	1900	1902
5099	1916	1917
5100	1910	1917
5101	1908	1910
5102	1904	1909
5103	1907	1914
5104	1911	1913
5106	1900	1916
5107	1917	1918
5108	1917	1918
5109	1898	1903
5110	1902	1906
5111	1910	1919
5112	1915	1916
5113	1902	1904
5114	1918	1919
5115	1907	1908
5116	1913	1914
5117	1910	1911
5119	1906	1910
5120	1917	1919
5121	1901	1905
5122	1913	1915
5123	1906	1909
5124	1903	1905
5125	1907	1908
5126	1917	1919
5127	1907	1908
5128	1917	1918
5130	1913	1915
5131	1913	1915
5132	1913	1915
5133	1906	1907
5134	1915	1916
5135	1900	1905
5136	1904	1914
5137	1913	1918
5138	1912	1914
5139	1915	1916
5140	1907	1911
5141	1912	1914
5143	1913	1915
5144	1908	1909
5145	1905	1908
5146	1903	1908
5147	1918	1919
5148	1909	1911
5149	1907	1911
5150	1916	1919
5152	1914	1916
5153	1907	1910
5154	1910	1914
5155	1914	1917
5156	1904	1908
5157	1904	1907
5158	1918	1919
5159	1903	1905
5160	1908	1911
5161	1903	1904
5162	1901	1908
5163	1901	1903
5164	1907	1908
5165	1904	1914
5166	1904	1905
5167	1900	1907
5168	1899	1903
5169	1914	1916
5170	1913	1914
5171	1906	1908
5172	1907	1908
5173	1907	1908
5175	1905	1907
5176	1898	1901
5177	1911	1919
5178	1902	1906
5179	1912	1914
5180	1912	1914
5181	1913	1919
5182	1909	1914
5183	1916	1918
5184	1905	1917
5185	1906	1907
5186	1907	1913
5187	1903	1907
5188	1909	1912
5189	1908	1911
5192	1914	1919
5193	1918	1919
5194	1907	1908
5195	1903	1914
5196	1903	1908
5197	1907	1909
5198	1911	1915
5199	1910	1912
5200	1904	1917
5201	1906	1907
5202	1903	1908
5203	1914	1915
5204	1902	1905
5205	1912	1914
5207	1918	1919
5208	1918	1919
5209	1914	1916
5210	1897	1902
5211	1912	1914
5212	1906	1913
5213	1911	1915
5214	1909	1911
5215	1908	1915
5216	1905	1910
5217	1905	1908
5218	1905	1913
5219	1910	1916
5220	1904	1906
5221	1910	1915
5222	1906	1907
5223	1904	1908
5224	1903	1906
5225	1914	1916
5226		
5227	1906	1913
5228	1900	1902
5229	1909	1911
5230	1900	1902
5231	1913	1915
5232	1907	1908
5233	1891	1904
5234	1902	1905
5235	1907	1908
5236	1903	1913
5237	1907	1908
5238	1915	1916
5239	1915	1916
5240	1916	1916
5241	1899	1903
5242	1916	1918
5244	1898	1901
5245	1901	1908
5246	1903	1904
5247	1918	1919
5248	1907	1908
5250	1917	1919
5251	1905	1908
5252	1918	1919
5253	1903	1906
5254	1913	1914
5255	1898	1902
5256	1907	1908
5257	1909	1913
5258	1913	1915
5259	1901	1906
5260	1906	1907
5261	1906	1908
5263	1912	1916
5264	1912	1914
5265	1905	1910
5268	1905	1907
5270	1909	1915
5271	1910	1912
5272	1915	1918
5273	1909	1915
5274	1916	1918
5275	1904	1906
5276	1912	1914
5277	1911	1913
5278	1914	1918
5279	1898	1906
5280	1915	1917
5281	1907	1908
5282	1899	1904
5283	1901	1906
5284	1907	1908
5285	1903	1908
5286	1906	1913
5287	1900	1902
5288	1912	1914
5289	1914	1917
5290	1903	1904
5291	1903	1908
5293	1916	1917
5294	1918	1919
5295	1914	1915
5296	1900	1913
5297	1904	1906
5298	1903	1907
5299	1909	1915
5300	1902	1908
5302	1907	1908
5303	1911	1917
5304	1897	1902
5305	1903	1908
5306	1908	1912
5307	1916	1919
5308	1900	1905
5309	1903	1915
5310	1903	1910
5311	1906	1908
5312	1908	1909
5313	1910	1915
5314	1906	1912
5315	1909	1913
5317	1899	1904
5318	1904	1908
5319	1909	1910
5320	1917	1919
5321	1903	1904
5322	1916	1919
5323	1908	1910
5324	1909	1912
5325	1913	1915
5326	1905	1907
5327	1915	1919
5328	1911	1917
5329	1908	1910
5330	1907	1910
5331	1912	1914
5332	1912	1918
5333	1906	1913
5335	1913	1915
5336	1917	1918
5337	1901	1905
5338	1913	1915
5339	1902	1905
5340	1913	1915
5341	1889	1912
5342	1911	1919
5343	1904	1906
5344	1917	1919
5345	1902	1906
5346	1907	1908
5347	1918	1919
5348	1904	1909
5349	1912	1913
5350	1918	1919
5351	1906	1907
5352	1913	1915
5353	1917	1919
5354	1898	1905
5355	1905	1911
5356	1905	1907
5357	1904	1908
5358	1906	1908
5359	1904	1908
5360	1913	1919
5361	1895	1902
5362	1903	1907
5363	1910	1917
5364	1907	1908
5365	1913	1914
5366	1901	1903
5367	1916	1917
5368	1910	1912
5369	1910	1911
5370	1900	1902
5371		
5372	1918	1919
5374	1907	1908
5375	1912	1915
5376	1904	1906
5377	1910	1915
5378	1914	1916
5379	1906	1907
5380	1902	1904
5381	1917	1918
5382	1903	1906
5383	1911	1919
5384	1909	1911
5385	1908	1914
5386	1915	1919
5387	1905	1908
5388	1918	1919
5389	1914	1915
5390	1905	1908
5391	1912	1913
5392	1912	1919
5393	1916	1918
5394	1908	1909
5395	1906	1908
5396	1918	1919
5397	1907	1908
5398	1902	1908
5399	1909	1911
5401	1907	1908
5403	1904	1908
5405	1906	1907
5406	1905	1908
5407	1902	1904
5408	1903	1905
5409	1901	1905
5410	1909	1915
5411	1905	1908
5412	1906	1908
5413	1914	1915
5414	1908	1910
5415	1917	1919
5416	1902	1904
5417	1915	1916
5418	1905	1908
5419	1917	1918
5420	1908	1913
5421	1901	1903
5422	1910	1914
5423	1915	1915
5424	1906	1908
5426	1916	1919
5427	1917	1919
5428	1915	1919
5429	1904	1908
5430	1901	1904
5431	1918	1919
5432	1904	1913
5433	1917	1918
5434	1901	1905
5435	1903	1905
5437	1906	1914
5439	1911	1912
5440	1899	1906
5441	1911	1912
5444	1907	1908
5445	1916	1919
5446	1905	1908
5447	1912	1913
5448	1913	1917
5449	1913	1914
5450	1917	1918
5451	1915	1916
5453	1915	1915
5454	1907	1908
5455		
5456	1903	1907
5457	1903	1908
5458	1918	1919
5459	1916	1918
5460	1902	1905
5461	1906	1912
5462	1911	1912
5463	1908	1919
5464	1907	1915
5465	1911	1915
5466	1910	1918
5467	1903	1905
5468	1907	1908
5469	1915	1917
5470	1907	1908
5471	1907	1908
5472	1907	1908
5473	1906	1908
5474	1907	1912
5475	1905	1908
5476		
5478	1916	1917
5479	1914	1917
5480	1917	1919
5481	1917	1918
5482	1909	1913
5483	1900	1905
5484	1902	1907
5485	1912	1919
5486	1909	1912
5487	1907	1907
5488	1899	1902
5489	1912	1918
5490	1906	1908
5491	1912	1919
5492	1907	1908
5493	1901	1902
5494	1917	1919
5495	1906	1911
5496	1914	1917
5497	1918	1919
5498	1902	1906
5500	1918	1919
5501	1902	1905
5502	1913	1915
5503	1914	1915
5504	1911	1913
5505	1904	1907
5506	1904	1905
5507	1912	1913
5508	1917	1919
5509	1915	1917
5510	1914	1916
5512	1906	1908
5513	1913	1914
5515	1912	1912
5516	1918	1919
5517	1913	1915
5518	1912	1919
5519	1916	1917
5520	1911	1915
5521	1909	1917
5522	1909	1911
5523	1912	1916
5524	1910	1910
5525	1910	1913
5526	1913	1919
5527	1908	1919
5528	1914	1919
5529	1903	1908
5530	1918	1919
5531	1911	1913
5532	1904	1907
5533	1902	1904
5534	1914	1915
5535	1902	1904
5536	1910	1912
5537	1900	1902
5538	1912	1916
5539	1908	1909
5540	1912	1919
5542	1913	1914
5543	1916	1919
5544	1916	1919
5545	1916	1917
5547	1902	1904
5548	1901	1901
5549	1906	1912
5550	1901	1903
5551	1906	1913
5552	1916	1917
5553	1910	1913
5554	1916	1917
5555	1907	1911
5556	1904	1908
5557	1908	1910
5558	1904	1904
5559	1908	1910
5560	1906	1912
5561	1900	1903
5562	1901	1906
5563	1913	1915
5564	1913	1915
5565	1915	1916
5566	1897	1903
5567	1903	1905
5568	1907	1908
5569	1913	1915
5570	1915	1916
5571	1907	1908
5572	1913	1919
5574	1914	1915
5575	1911	1912
5576	1909	1911
5577	1903	1905
5578	1898	1900
5579	1901	1904
5580	1913	1915
5582	1916	1919
5583	1906	1908
5584	1900	1914
5585	1900	1902
5586	1903	1907
5587	1908	1913
5588	1904	1907
5589	1903	1905
5590	1901	1903
5591	1918	1919
5592	1904	1906
5593	1909	1914
5594	1908	1911
5595	1904	1905
5596	1906	1908
5597	1901	1908
5598	1903	1908
5599	1901	1906
5600	1917	1919
5601	1905	1908
5602	1906	1911
5604	1915	1916
5605	1903	1905
5606	1911	1915
5607	1913	1919
5608	1913	1915
5610	1900	1903
5611	1907	1908
5612	1900	1902
5613	1909	1911
5614	1905	1906
5615	1916	1919
5616	1902	1906
5617	1913	1919
5618	1907	1908
5620	1912	1913
5621	1906	1908
5622	1904	1909
5623	1912	1913
5624	1903	1905
5625	1913	1919
5626	1905	1906
5627	1904	1909
5628	1906	1908
5629	1912	1914
5630	1918	1919
5631	1909	1911
5632	1899	1901
5633	1904	1908
5634	1909	1912
5635	1915	1916
5636	1915	1915
5637	1901	1907
5638	1913	1915
5639	1911	1915
5640	1901	1902
5641	1912	1915
5642	1913	1915
5643	1915	1918
5644	1909	1910
5645	1910	1915
5646	1898	1899
5647	1909	1911
5650	1909	1914
5651	1903	1906
5652	1908	1908
5653	1901	1908
5654	1906	1911
5655	1913	1913
5656	1907	1908
5657	1913	1919
5658	1910	1915
5659	1907	1908
5660	1906	1908
5661	1907	1907
5662	1910	1915
5663	1909	1913
5664	1912	1919
5665	1907	1913
5666	1910	1916
5667	1912	1914
5668	1917	1917
5669	1914	1914
5670	1915	1916
5671	1910	1919
5672	1914	1917
5673	1912	1914
5674	1907	1907
5675	1900	1903
5676	1900	1906
5677	1909	1913
5678	1907	1908
5679	1906	1915
5680	1902	1908
5681	1913	1919
5682	1912	1915
5684	1918	1919
5685	1912	1919
5686	1911	1913
5687	1909	1916
5688	1899	1903
5689	1906	1907
5690	1913	1919
5691	1909	1912
5692	1918	1919
5693	1901	1906
5694	1917	1919
5695		
5696	1907	1908
5697	1914	1915
5698	1913	1915
5699	1904	1907
5700	1912	1915
5701	1904	1908
5702	1905	1907
5703	1901	1903
5704	1909	1910
5705	1913	1915
5706	1903	1910
5707	1909	1911
5708	1913	1919
5709	1910	1910
5711	1910	1913
5712	1903	1907
5713	1900	1903
5714	1909	1910
5715	1905	1908
5716	1904	1908
5718	1903	1915
5719	1907	1908
5720	1916	1917
5721	1907	1908
5722	1917	1917
5723	1905	1908
5724	1906	1908
5725	1905	1908
5727	1913	1915
5728	1912	1915
5729	1913	1915
5730	1907	1908
5731	1913	1915
5732	1907	1910
5734	1913	1919
5735	1906	1908
5736	1909	1912
5737	1911	1913
5739	1918	1919
5740	1914	1915
5741	1914	1916
5742	1901	1908
5743	1910	1917
5744	1915	1918
5746	1904	1906
5747	1906	1908
5748	1906	1908
5749	1913	1915
5750	1918	1919
5751	1907	1913
5752	1913	1915
5753	1905	1908
5754	1910	1912
5755	1910	1911
5756	1911	1914
5757	1902	1907
5758	1901	1906
5761	1905	1907
5762	1913	1915
5763	1908	1912
5764	1906	1909
5766	1901	1903
5767	1914	1919
5768	1901	1902
5769	1913	1916
5770	1909	1911
5771	1907	1913
5772	1918	1918
5774	1899	1905
5775	1908	1911
5776	1907	1909
5777	1905	1908
5778	1901	1903
5779	1913	1914
5780	1909	1914
5781	1904	1906
5782	1904	1907
5783	1904	1908
5784	1908	1908
5785	1912	1913
5786	1907	1910
5787	1911	1916
5788	1918	1919
5789	1899	1908
5791	1911	1915
5792	1901	1913
5793	1893	1902
5794	1905	1910
5795	1904	1906
5796	1912	1919
5798	1904	1908
5800	1914	1916
5801	1904	1906
5802	1913	1915
5803	1911	1919
5804	1904	1908
5805	1903	1908
5806	1910	1918
5807	1904	1906
5808	1911	1917
5809	1899	1904
5810	1906	1908
5811	1912	1913
5812	1905	1907
5813	1902	1904
5814	1912	1919
5815	1907	1913
5816	1915	1916
5817	1912	1913
5818	1901	1907
5819	1903	1908
5820	1907	1908
5821	1908	1909
5822	1904	1906
5823	1918	1919
5824	1904	1906
5825	1907	1914
5826	1912	1917
5827	1914	1919
5828	1901	1902
5829	1914	1915
5830	1904	1907
5831	1904	1906
5832	1910	1912
5833	1911	1913
5834	1902	1905
5835	1915	1917
5836	1913	1916
5837	1909	1914
5838	1918	1919
5839	1906	1908
5840	1904	1907
5841	1901	1904
5843	1900	1907
5844	1913	1915
5845	1890	1903
5846	1907	1908
5847	1916	1917
5848	1907	1915
5849	1904	1908
5851	1904	1908
5852	1904	1914
5853	1911	1913
5854	1908	1909
5855	1918	1919
5857	1907	1908
5858	1904	1910
5859	1906	1913
5860	1916	1916
5861	1911	1912
5863	1914	1916
5864	1905	1907
5865	1903	1908
5866	1908	1914
5867	1915	1916
5868	1903	1904
5869	1909	1914
5870	1903	1905
5871	1917	1918
5872	1903	1906
5873	1900	1908
5874	1899	1901
5875	1906	1911
5876	1914	1919
5877	1906	1907
5879	1905	1910
5880	1907	1919
5881	1915	1917
5882	1901	1903
5883	1913	1914
5884	1903	1905
5885	1901	1908
5886	1908	1908
5887	1909	1913
5888	1917	1919
5889	1909	1914
5890	1907	1908
5891	1915	1917
5893	1918	1919
5894	1912	1914
5895	1913	1915
5896	1909	1915
5897	1914	1919
5898	1913	1915
5899	1917	1917
5900	1905	1915
5901	1907	1914
5902	1912	1935
5904	1915	1919
5905	1904	1905
5906	1913	1915
5907	1913	1915
5908	1918	1919
5909	1907	1908
5910	1914	1916
5911	1899	1905
5912	1902	1908
5913	1907	1908
5914		
5915	1909	1914
5916	1916	1917
5917	1918	1919
5918	1902	1904
5919	1912	1913
5920	1913	1917
5921		
5922	1900	1903
5923	1900	1906
5924	1902	1905
5925	1909	1914
5926	1912	1913
5927	1906	1908
5928	1913	1915
5929	1907	1911
5930	1902	1908
5931	1903	1911
5932	1909	1911
5933	1904	1907
5934	1900	1902
5935	1903	1913
5936	1916	1917
5937	1914	1918
5938	1910	1911
5939	1918	1919
5940	1905	1907
5941	1905	1907
5942	1905	1906
5943	1901	1906
5944	1913	1914
5945	1907	1913
5946	1915	1919
5947	1915	1918
5949	1909	1910
5950	1904	1906
5951	1907	1908
5952	1904	1908
5953		
5954	1911	1913
5955	1912	1919
5956	1907	1917
5957	1903	1907
5958	1913	1919
5959	1915	1915
5960	1901	1906
5961	1914	1916
5962	1918	1919
5964	1905	1908
5965	1916	1919
5967	1907	1911
5968	1903	1905
5970	1913	1916
5971	1918	1919
5972	1898	1903
5973	1903	1911
5976	1901	1905
5977	1901	1907
5978	1912	1915
5979	1915	1917
5980	1901	1902
5981	1907	1908
5982	1915	1916
5983	1915	1917
5984	1916	1918
5985	1908	1914
5987	1909	1911
5988	1905	1906
5989	1905	1907
5990	1902	1903
5991	1914	1916
5992	1913	1918
5993	1913	1915
5995	1902	1904
5996	1903	1908
5997	1907	1908
5998	1913	1915
5999	1908	1909
6000	1899	1902
6001	1918	1919
6002	1903	1908
6003	1907	1913
6005	1908	1911
6006	1914	1919
6007	1906	1907
6008	1909	1911
6009	1907	1908
6010	1907	1908
6011	1906	1908
6012	1916	1917
6013	1913	1913
6014	1916	1918
6015	1914	1915
6016	1913	1919
6017	1906	1907
6018	1908	1910
6019	1902	1914
6020	1906	1908
6022	1909	1911
6023	1902	1905
6024	1915	1915
6025	1917	1918
6026	1914	1916
6027	1902	1907
6028	1910	1913
6029	1916	1918
6030	1897	1899
6031	1916	1917
6032	1903	1908
6033	1906	1908
6034	1905	1911
6035		
6036	1915	1919
6037	1900	1907
6038	1901	1905
6039	1910	1913
6040	1912	1916
6041	1913	1913
6044	1915	1919
6045	1918	1919
6046	1912	1914
6047	1905	1908
6048	1907	1908
6051	1896	1902
6052	1918	1919
6053	1914	1919
6054	1915	1916
6055	1913	1919
6056	1900	1901
6057	1903	1908
6058	1906	1910
6061	1910	1919
6062	1917	1919
6063	1912	1912
6064	1914	1919
6065	1916	1918
6066	1911	1912
6067	1904	1908
6068	1911	1913
6069	1912	1914
6070	1909	1914
6071	1914	1915
6072	1914	1916
6073	1914	1918
6074	1900	1907
6075	1904	1907
6076	1900	1905
6077	1913	1918
6078	1918	1919
6079	1911	1913
6080	1906	1908
6081	1903	1908
6082	1905	1911
6083	1904	1909
6084	1906	1906
6085	1913	1914
6086	1913	1914
6087	1904	1906
6088	1910	1911
6089	1907	1918
6090	1910	1914
6091	1914	1918
6092	1912	1914
6093	1914	1916
6094	1904	1908
6095	1904	1905
6096	1907	1907
6097	1913	1915
6099	1909	1912
6100	1907	1908
6101	1900	1902
6102	1907	1914
6103	1905	1908
6104	1912	1913
6105	1901	1902
6106	1910	1914
6107	1902	1907
6108	1912	1912
6109	1898	1901
6110	1902	1903
6111	1905	1914
6112	1906	1908
6113	1904	1908
6114	1898	1901
6115	1917	1918
6116	1914	1919
6117	1911	1913
6118	1907	1908
6119	1910	1912
6120	1899	1900
6121	1902	1908
6122	1907	1908
6123	1918	1919
6124	1918	1919
6125	1910	1914
6126	1917	1920
6127	1908	1913
6128	1902	1908
6129	1906	1906
6130	1903	1905
6131	1904	1907
6132	1906	1906
6133	1901	1905
6134	1907	1908
6135	1915	1915
6136	1914	1916
6138	1908	1908
6139	1910	1916
6140	1904	1909
6141	1910	1915
6143	1913	1915
6144	1902	1903
6145	1901	1905
6146	1912	1912
6147	1904	1910
6149	1918	1919
6151	1899	1903
6152	1906	1906
6153	1907	1919
6154	1909	1912
6155	1911	1914
6156	1907	1915
6157	1901	1903
6158	1906	1915
6159	1906	1906
6161	1902	1903
6162	1907	1913
6163	1913	1913
6164	1918	1919
6165	1901	1903
6166	1914	1917
6167	1902	1904
6169	1898	1902
6170	1906	1908
6172	1902	1904
6173	1905	1907
6174	1906	1913
6175	1910	1915
6176	1903	1905
6177	1907	1915
6178	1906	1908
6179	1915	1916
6180	1906	1908
6181	1912	1915
6182	1915	1916
6183	1912	1914
6184	1915	1916
6185	1916	1916
6186	1904	1906
6187	1905	1907
6189	1911	1912
6190	1906	1908
6191	1906	1908
6193	1907	1908
6194	1903	1904
6195	1902	1908
6196	1907	1908
6197	1910	1912
6198	1917	1918
6199	1906	1907
6200	1916	1917
6201	1902	1904
6203	1917	1919
6204	1912	1913
6205	1902	1904
6206	1917	1919
6207	1903	1911
6208	1910	1915
6209	1916	1918
6210	1903	1904
6211	1907	1913
6212	1912	1914
6213	1902	1908
6214	1914	1915
6215	1909	1914
6216	1912	1915
6217	1901	1903
6218	1907	1910
6219	1909	1915
6220	1907	1915
6221	1915	1919
6222	1913	1915
6223	1914	1916
6224	1917	1918
6225	1901	1904
6226	1914	1915
6227	1903	1906
6228	1917	1919
6229	1914	1915
6230	1910	1913
6231	1912	1915
6232	1910	1914
6233	1914	1915
6234	1918	1919
6235	1915	1919
6236	1906	1911
6237	1903	1908
6238	1909	1910
6239	1908	1910
6240	1915	1916
6241	1918	1919
6242	1918	1919
6243	1918	1919
6244	1910	1914
6245	1914	1914
6246	1915	1916
6247	1902	1908
6248	1915	1916
6249	1912	1913
6250	1918	1919
6251	1911	1911
6252	1910	1914
6253	1904	1911
6254	1914	1915
6255	1903	1904
6256	1906	1907
6257	1903	1908
6258	1906	1907
6259	1918	1919
6260	1904	1908
6261	1915	1915
6262	1915	1916
6263	1918	1919
6264	1905	1910
6265	1916	1917
6266	1913	1915
6267	1918	1919
6268	1902	1903
6270	1913	1916
6271	1918	1919
6272	1900	1902
6273	1900	1903
6274	1906	1908
6276	1904	1907
6277	1905	1908
6278	1915	1918
6279	1905	1907
6281	1906	1908
6282	1903	1904
6283	1903	1910
6284	1918	1919
6285	1914	1919
6286	1910	1913
6287	1917	1918
6288	1901	1907
6289	1906	1908
6290	1918	1919
6292	1913	1919
6293	1910	1912
6294	1908	1910
6295	1913	1915
6296	1906	1908
6297	1914	1915
6298	1905	1907
6299	1901	1901
6300	1900	1902
6301	1908	1908
6302	1915	1919
6303	1911	1913
6304	1917	1918
6305	1918	1919
6306	1908	1912
6308	1908	1916
6309	1904	1905
6310	1908	1908
6311	1913	1915
6312	1902	1908
6313	1908	1910
6314		
6315	1912	1915
6316	1903	1907
6317	1909	1911
6318	1906	1907
6319	1908	1910
6320	1912	1913
6321	1904	1908
6322	1907	1910
6323	1916	1918
6324	1911	1916
6325	1907	1908
6326	1911	1914
6327	1912	1915
6328	1916	1916
6329	1917	1919
6330	1915	1917
6331	1903	1904
6332	1916	1917
6333	1909	1916
6334	1901	1904
6336	1904	1908
6337	1912	1915
6338	1913	1916
6339	1902	1907
6340	1916	1917
6341	1904	1910
6342	1903	1904
6343	1903	1904
6344	1917	1917
6345	1906	1907
6346	1901	1905
6347	1902	1902
6348	1905	1906
6349	1905	1911
6350	1913	1915
6352	1902	1903
6353	1903	1905
6354	1891	1910
6355	1902	1903
6356	1910	1915
6357	1906	1909
6358	1908	1909
6359	1907	1913
6360	1910	1911
6361	1903	1908
6362	1915	1918
6363	1904	1908
6364	1915	1916
6365	1904	1905
6366	1918	1919
6367	1899	1907
6368	1904	1908
6369	1878	1903
6370	1905	1910
6371	1907	1912
6372	1907	1910
6373	1903	1905
6374	1913	1915
6375	1906	1907
6378	1912	1914
6379	1903	1911
6380	1903	1905
6381	1914	1916
6382	1908	1914
6383	1901	1905
6384	1914	1919
6385	1906	1908
6386	1917	1918
6387	1913	1915
6388	1916	1919
6389	1907	1908
6390	1907	1908
6391	1904	1907
6392	1906	1919
6393	1906	1907
6394	1906	1913
6395	1903	1908
6396	1899	1906
6397	1914	1918
6398	1910	1910
6399	1913	1914
6400	1912	1914
6401	1913	1917
6402	1910	1910
6403	1907	1911
6404	1911	1914
6405	1913	1915
6406	1905	1908
6407	1898	1899
6408	1901	1902
6409	1913	1914
6410	1906	1919
6411	1903	1905
6412	1914	1915
6413	1904	1908
6414	1912	1915
6415	1906	1908
6416	1913	1915
6417	1906	1908
6418	1914	1918
6419	1917	1917
6420	1906	1907
6421	1912	1918
6422	1910	1912
6423	1909	1911
6424	1907	1908
6425	1916	1917
6426	1911	1915
6427	1914	1915
6428	1900	1902
6429	1913	1915
6430	1910	1911
6431	1918	1919
6432	1918	1919
6433	1906	1907
6434	1907	1914
6435	1918	1919
6436	1916	1919
6437	1908	1908
6438	1905	1908
6439	1918	1919
6440	1906	1907
6441	1904	1917
6442	1912	1913
6443	1911	1913
6444	1899	1901
6445	1917	1918
6446	1903	1905
6447	1903	1905
6448	1914	1919
6449	1912	1913
6450	1917	1919
6452	1901	1903
6453	1909	1913
6454	1908	1911
6455	1913	1917
6456	1905	1908
6458	1904	1906
6459	1902	1907
6460	1903	1908
6461	1898	1904
6463	1904	1906
6464	1913	1917
6466	1909	1911
6467	1899	1904
6468	1910	1910
6469	1911	1914
6470	1903	1903
6471	1906	1908
6472	1914	1915
6473	1899	1905
6474	1905	1913
6475	1914	1916
6476	1905	1908
6477	1906	1911
6478	1906	1919
6479	1901	1904
6480	1909	1911
6481	1918	1919
6482	1902	1905
6483	1915	1919
6484	1904	1906
6486	1916	1919
6487	1915	1916
6489	1903	1904
6490	1908	1911
6491	1917	1918
6492	1904	1910
6493	1916	1918
6494	1915	1916
6495	1915	1919
6496	1913	1919
6497	1907	1918
6498	1914	1916
6500	1916	1918
6501	1914	1916
6502	1905	1908
6503	1905	1909
6504	1907	1918
6505	1918	1918
6506	1907	1915
6507	1913	1919
6509	1901	1901
6511	1900	1907
6512	1897	1905
6513	1912	1914
6514	1914	1917
6515	1906	1908
6516	1900	1904
6517	1904	1908
6518	1910	1912
6519	1909	1916
6520	1901	1908
6521	1912	1914
6522	1909	1912
6523	1903	1904
6524	1907	1912
6525	1911	1919
6526	1910	1911
6527	1918	1919
6528	1906	1907
6529	1914	1918
6530	1904	1906
6531	1913	1915
6532	1909	1910
6533	1918	1919
6534	1901	1910
6536	1902	1903
6537	1912	1914
6538	1901	1906
6539	1906	1908
6540	1904	1908
6541	1906	1908
6542	1905	1908
6543	1910	1912
6544	1915	1917
6546	1906	1914
6547	1905	1911
6548	1909	1915
6549	1912	1915
6551	1906	1908
6553	1900	1902
6554	1916	1919
6555	1904	1906
6556	1907	1910
6557	1916	1919
6558	1907	1908
6559	1900	1902
6560	1902	1904
6561	1914	1916
6563	1909	1911
6564	1912	1913
6565	1917	1918
6566	1913	1919
6567	1909	1913
6568	1910	1919
6569	1903	1908
6570	1899	1902
6571	1910	1912
6572	1905	1908
6573	1907	1910
6574	1902	1904
6575	1909	1911
6576	1904	1915
6577	1902	1905
6578	1914	1918
6579	1913	1914
6580	1912	1919
6581	1904	1906
6582	1916	1919
6583	1900	1903
6584	1917	1918
6585	1905	1907
6586	1913	1919
6587	1909	1911
6588	1908	1911
6589	1902	1902
6590	1900	1903
6591	1904	1908
6592	1901	1908
6593	1899	1901
6594	1914	1916
6595	1910	1915
6596	1913	1915
6598	1912	1915
6599	1915	1916
6600	1906	1907
6602	1903	1905
6603	1910	1912
6604	1914	1915
6605	1906	1907
6606	1913	1914
6607	1907	1914
6608	1905	1906
6609	1912	1915
6610	1906	1907
6611	1906	1906
6612	1913	1915
6613	1915	1916
6614	1915	1919
6615	1912	1913
6617	1912	1915
6618	1907	1913
6619	1915	1917
6620	1906	1907
6621	1913	1919
6622	1907	1908
6623	1901	1905
7000	1870	1870
7001	1861	1862
7002	1888	1888
7003	1861	1864
7004	1888	1889
7005	1870	1871
7006	1862	1863
7007	1895	1896
7008	1880	1881
7009	1871	1872
7010	1883	1884
7011	1887	1888
7012	1861	1862
7013	1868	1869
7014	1873	1876
7015	1876	1877
7016	1870	1870
7017	1877	1878
7018	1879	1880
7019	1868	1869
7020	1861	1862
7021	1870	1871
7022	1896	1897
7023	1880	1881
7024	1861	1862
7025	1868	1869
7026	1869	1870
7027	1870	1871
7028	1887	1889
7029	1870	1871
7030	1878	1879
7031	1880	1882
7032	1881	1882
7033	1862	1863
7034	1866	1867
7035	1871	1871
7036	1865	1866
7037	1867	1868
7038	1889	1890
7039	1864	1865
7040	1887	1887
7041	1867	1868
7042	1871	1872
7043	1878	1878
7044	1856	1857
7045	1886	1886
7046	1861	1863
7047	1861	1872
7048	1861	1865
7049	1883	1884
7050	1864	1865
7051	1857	1858
7052	1879	1880
7053	1875	1875
7054	1880	1880
7055	1871	1872
7056	1878	1879
7057	1874	1874
7058	1868	1868
7059	1878	1879
7060	1856	1857
7061	1868	1868
7062	1856	1857
7063	1866	1867
7064	1877	1878
7065	1882	1883
7066	1869	1870
7067	1869	1869
7068	1862	1863
7069	1885	1885
7070	1879	1882
7071	1888	1889
7072	1886	1887
7073	1883	1884
7074	1866	1866
7075	1883	1884
7076	1871	1872
7077	1888	1889
7078	1868	1869
7079	1865	1866
7080	1894	1895
7081	1873	1873
7082	1861	1862
7083	1882	1883
7084	1882	1883
7085	1887	1890
7086	1856	1857
7087	1856	1857
7088	1874	1875
7089	1868	1869
7090	1877	1880
7091	1868	1870
7092	1861	1863
7093	1880	1883
7094	1861	1862
7095	1871	1872
7096	1885	1886
7097	1856	1857
7098	1856	1857
7099	1877	1878
7100	1867	1868
7101	1864	1865
7102	1861	1862
7103	1856	1857
7104	1894	1895
7105	1862	1863
7106	1863	1863
7107	1861	1862
7108	1867	1868
7109	1887	1887
7110	1866	1867
7111	1869	1871
7112	1875	1875
7113	1884	1885
7114	1895	1896
7115	1862	1863
7116	1896	1897
7117	1876	1877
7118	1856	1857
7119	1888	1888
7120	1881	1881
7121	1862	1863
7122	1866	1867
7123	1870	1870
7124	1879	1880
7125	1862	1865
7126	1864	1867
7128	1856	1857
7129	1861	1862
7130	1863	1864
7131	1888	1889
7132	1893	1894
7133	1880	1881
7134	1887	1888
7135	1856	1857
7136	1866	1867
7137	1890	1891
7138	1863	1864
7139	1873	1874
7140	1878	1879
7141	1871	1872
7142	1885	1886
7143	1861	1862
7144	1887	1889
7145	1877	1879
7146	1881	1882
7147	1880	1880
7148	1867	1868
7149	1869	1871
7150	1866	1867
7151	1889	1890
7152	1889	1890
7153	1879	1880
7154	1861	1862
7155	1856	1857
7156	1873	1873
7157	1856	1857
7158	1870	1871
7159	1894	1895
7160	1856	1857
7161	1856	1857
7162	1878	1879
7163	1873	1873
7164	1887	1887
7165	1857	1858
7166	1888	1889
7167	1856	1858
7168	1877	1880
7169	1894	1895
7170	1861	1862
7171	1876	1878
7172	1880	1881
7173	1868	1868
7174	1886	1887
7175	1869	1871
7176	1868	1870
7177	1864	1866
7178	1886	1887
7179	1888	1890
7180	1878	1879
7181	1862	1865
7182	1856	1857
7183	1896	1897
7184	1880	1881
7185	1868	1868
7186	1862	1863
7187	1876	1877
7188	1880	1881
7189	1861	1862
7190	1877	1878
7191	1871	1872
7192	1875	1876
7193	1863	1863
7194	1881	1882
7195	1891	1893
7196	1867	1868
7197	1878	1879
7198	1891	1891
7199	1863	1864
7200	1877	1877
7201	1881	1883
7202	1884	1885
7203	1880	1881
7204	1879	1885
7205	1884	1885
7206	1891	1893
7207	1864	1865
7208	1876	1876
7209	1856	1857
7210	1895	1896
7211	1856	1857
7212	1888	1889
7213	1892	1893
7214	1876	1877
7215	1861	1862
7216	1873	1873
7217	1862	1863
7218	1879	1880
7219	1887	1888
7220	1877	1878
7221	1870	1871
7222	1883	1884
7223	1892	1893
7224	1886	1887
7225	1868	1868
7226	1862	1863
7227	1876	1879
7228	1880	1880
7229	1861	1862
7230	1867	1868
7231	1867	1867
7232	1856	1857
7233	1875	1876
7234	1877	1879
7235	1889	1890
7236	1861	1862
7237	1880	1880
7238	1875	1877
7239	1873	1873
7240	1884	1886
7241	1891	1893
7242	1889	1890
7243	1876	1877
7244	1856	1857
7245	1867	1868
7246	1861	1865
7247	1867	1868
7248	1856	1857
7249	1879	1880
7250	1883	1884
7251	1876	1877
7252	1863	1864
7253	1894	1895
7254	1879	1880
7255	1895	1896
7256	1887	1890
7257	1865	1866
7258	1884	1885
7259	1890	1891
7260	1861	1862
7261	1876	1878
7262	1863	1864
7263	1875	1876
7264	1857	1858
7265	1864	1865
7266	1856	1857
7267	1880	1880
7268	1879	1880
7269	1892	1893
7270	1870	1871
7271	1866	1867
7272	1857	1858
7273	1861	1862
7274	1876	1877
7275	1861	1862
7276	1856	1858
7277	1861	1862
7278	1880	1881
7279	1864	1865
7280	1864	1865
7281	1867	1868
7282	1875	1875
7283	1880	1881
7284	1886	1886
7285	1866	1868
7286	1863	1864
7287	1868	1868
7288	1878	1878
7289	1889	1890
7290	1883	1883
7291	1883	1884
7292	1866	1867
7293	1885	1887
7294	1869	1870
7295	1888	1889
7296	1883	1886
7297	1861	1862
7298	1861	1862
7299	1883	1884
7300	1892	1893
7301	1873	1874
7302	1890	1893
7303	1893	1894
7304	1866	1867
7305	1892	1893
7306	1880	1881
7307	1869	1871
7308	1891	1893
7309	1869	1869
7310	1856	1857
7311	1881	1882
7312	1878	1879
7313	1877	1878
7314	1874	1874
7315	1877	1877
7316	1879	1880
7317	1856	1857
7318	1891	1893
7319	1870	1870
7320	1856	1857
7321	1865	1871
7322	1856	1857
7323	1868	1870
7324	1861	1862
7325	1896	1897
7326	1873	1873
7327	1856	1857
7328	1857	1858
7329	1881	1882
7330	1869	1870
7331	1891	1893
7332	1863	1864
7333	1883	1885
7334	1881	1882
7335	1876	1876
7336	1885	1886
7337	1865	1866
7338	1857	1858
7339	1856	1857
7340	1856	1857
7341	1886	1886
7342	1881	1883
7343	1867	1868
7344	1865	1866
7345	1875	1875
7346	1886	1887
7347	1890	1891
7348	1895	1896
7349	1891	1893
7350	1877	1879
7351	1880	1881
7352	1887	1888
7353	1863	1864
7354	1861	1862
7355	1874	1875
7356	1887	1888
7357	1881	1881
7358	1856	1857
7359	1856	1862
7360	1887	1888
7361	1871	1872
7362	1881	1882
7363	1864	1865
7364	1876	1877
7365	1884	1887
7366	1874	1874
7367	1877	1879
7368	1874	1874
7369	1861	1862
7370	1867	1867
7371	1862	1863
7372	1884	1885
7373	1881	1883
7374	1861	1862
7375	1864	1867
7376	1861	1862
7377	1861	1862
7378	1882	1883
7379	1865	1866
7380	1896	1896
7381	1867	1868
7382	1858	1859
7383	1878	1878
7384	1890	1891
7385	1856	1857
7386	1886	1887
7387	1856	1857
7388	1856	1857
7389	1863	1863
7390	1884	1885
7391	1879	1882
7392	1891	1891
7393	1856	1857
7394	1880	1887
7395	1856	1857
7396	1896	1896
7397	1864	1865
7398	1856	1857
7399	1856	1857
7400	1861	1862
7401	1884	1885
7402	1874	1875
7403	1857	1858
7404	1889	1890
7405	1881	1882
7406	1878	1879
7407	1885	1886
7408	1881	1882
7409	1869	1870
7410	1861	1862
7411	1889	1889
7412	1857	1858
7413	1892	1893
7414	1888	1890
7415	1862	1863
7416	1889	1890
7417	1877	1878
7418	1866	1867
7419	1889	1896
7420	1879	1880
7422	1880	1880
7423	1885	1887
7424	1896	1897
7425	1880	1881
7426	1889	1890
7427	1870	1871
7428	1886	1887
7429	1885	1886
7430	1871	1871
7431	1856	1857
7432	1857	1858
7433	1863	1863
7434	1875	1876
7435	1882	1883
7436	1866	1867
7437	1887	1888
7438	1888	1888
7439	1861	1862
7440	1890	1891
7441	1878	1879
7442	1892	1893
7443	1886	1887
7444	1876	1876
7445	1876	1876
7446	1856	1857
7447	1869	1870
7448	1873	1873
7449	1878	1879
7450	1882	1883
7451	1894	1895
7452	1896	1896
7453	1870	1870
7454	1856	1857
7455	1886	1887
7456	1856	1857
7457	1895	1896
7458	1895	1896
7459	1878	1879
7460	1871	1871
7461	1890	1891
7462	1880	1881
7463	1856	1857
7464	1878	1879
7465	1866	1867
7466	1894	1895
7467	1886	1887
7468	1866	1867
7469	1865	1866
7470	1884	1885
7471	1884	1885
7472	1861	1862
7473	1888	1890
7474	1869	1870
7475	1876	1877
7476	1871	1871
7477	1863	1864
7478	1856	1857
7479	1876	1877
7480	1865	1866
7481	1886	1887
7482	1880	1880
7483	1873	1874
7484	1861	1862
7485	1884	1885
7486	1876	1877
7487	1884	1886
7488	1868	1869
7489	1892	1893
7490	1879	1880
7491	1856	1857
7492	1894	1894
7493	1876	1877
7494	1870	1871
7495	1866	1867
7496	1882	1883
7497	1894	1895
7498	1895	1897
7499	1880	1881
7500	1887	1888
7501	1866	1867
7502	1867	1868
7503	1887	1888
7504	1886	1887
7505	1871	1871
7506	1870	1871
7507	1857	1858
7508	1894	1894
7509	1887	1887
7510	1884	1885
7511	1880	1881
7512	1869	1870
7513	1867	1868
7514	1884	1885
7515	1890	1891
7516	1886	1887
7517	1884	1885
7518	1856	1857
7519	1862	1863
7520	1875	1876
7521	1869	1870
7522	1861	1863
7523	1864	1865
7524	1856	1857
7525	1887	1888
7526	1867	1868
7527	1887	1888
7528	1887	1889
7529	1864	1865
7530	1882	1883
7531	1881	1882
7532	1880	1881
7533	1887	1887
7534	1856	1857
7535	1856	1857
7536	1856	1857
7537	1861	1862
7538	1863	1864
7539	1871	1872
7540	1856	1857
7541	1863	1864
7542	1861	1862
7543	1892	1893
7544	1867	1868
7545	1870	1871
7546	1880	1883
7547	1865	1866
7548	1880	1881
7549	1876	1877
7550	1880	1881
7551	1861	1862
7552	1864	1867
7553	1867	1867
7554	1863	1864
7555	1879	1882
7556	1892	1895
7557	1877	1878
7558	1876	1877
7559	1866	1867
7560	1866	1867
7561	1868	1868
7562	1889	1890
7563	1896	1896
7564	1886	1887
7565	1872	1872
7566	1893	1894
7567	1856	1857
7568	1876	1877
7569	1861	1862
7570	1888	1889
7571	1893	1894
7572	1865	1867
7573	1889	1890
7574	1856	1857
7575	1879	1880
7576	1890	1891
7577	1878	1879
7578	1861	1862
7579	1873	1873
7580	1880	1881
7581	1875	1876
7582	1880	1880
7583	1892	1893
7584	1885	1889
7585	1892	1893
7586	1876	1877
7587	1875	1875
7588	1871	1872
7589	1888	1889
7590	1865	1868
7591	1893	1894
7592	1882	1883
7593	1885	1886
7594	1861	1862
7595	1863	1864
7596	1885	1886
7597	1889	1890
7598	1880	1881
7599	1866	1868
7600	1856	1857
7601	1863	1864
7602	1864	1865
7603	1888	1889
7604	1875	1876
7605	1885	1886
7606	1890	1891
7607	1861	1862
7608	1856	1857
7609	1862	1863
7610	1861	1862
7611	1863	1863
7612	1888	1896
7613	1870	1870
7614	1882	1883
7615	1882	1885
7616	1867	1867
7617	1856	1857
7618	1881	1882
7619	1868	1868
7620	1890	1891
7621	1863	1864
7622	1892	1893
7623	1880	1880
7624	1863	1865
7625	1888	1889
7626	1886	1887
7627	1885	1886
7628	1873	1873
7629	1857	1858
7630	1871	1872
7631	1884	1885
7632	1893	1894
7633	1882	1883
7634	1867	1867
7635	1856	1857
7636	1856	1857
7637	1876	1880
7638	1856	1857
7639	1883	1883
7640	1869	1871
7641	1864	1865
7642	1856	1857
7643	1873	1874
7644	1872	1872
7645	1870	1871
7646	1856	1857
7647	1861	1862
7648	1878	1879
7649	1863	1864
7650	1863	1864
7651	1863	1864
7652	1892	1893
7653	1861	1862
7654	1865	1868
7655	1862	1863
7656	1870	1870
7657	1865	1867
7658	1882	1883
7659	1867	1868
7660	1881	1882
7661	1878	1879
7662	1881	1882
7663	1856	1857
7664	1882	1884
7665	1885	1890
7666	1876	1877
7667	1886	1887
7668	1866	1867
7669	1866	1867
7670	1856	1857
7671	1866	1870
7672	1873	1874
7673	1889	1890
7674	1856	1862
7675	1888	1889
7676	1886	1887
7677	1857	1858
7678	1884	1885
7679	1857	1858
7680	1862	1863
7681	1870	1871
7682	1872	1872
7683	1863	1863
7684	1870	1871
7685	1861	1862
7686	1888	1890
7687	1896	1896
7688	1869	1870
7689	1896	1897
7690	1880	1881
7691	1871	1871
7692	1864	1865
7693	1873	1874
7694	1856	1857
7695	1856	1857
7696	1893	1894
7697	1893	1894
7698	1878	1879
7699	1878	1880
7700	1856	1857
7701	1864	1865
7702	1864	1865
7703	1861	1862
7704	1865	1866
7705	1889	1890
7706	1886	1886
7707	1886	1886
7708	1872	1872
7709	1887	1888
7710	1867	1868
7711	1886	1887
7712	1880	1882
7713	1856	1857
7714	1856	1857
7715	1869	1870
7716	1867	1867
7717	1885	1887
7718	1876	1878
7719	1880	1881
7720	1868	1868
7721	1866	1867
7722	1876	1877
7723	1878	1879
7724	1871	1872
7725	1856	1857
7726	1862	1863
7727	1866	1867
7728	1892	1893
7729	1891	1893
7730	1890	1891
7731	1856	1857
7732	1892	1893
7733	1869	1869
7734	1857	1858
7735	1888	1890
7736	1879	1880
7737	1870	1870
7738	1856	1857
7739	1856	1857
7740	1886	1887
7741	1867	1867
7742	1870	1871
7743	1867	1868
7744	1876	1877
7745	1865	1866
7746	1888	1889
7747	1880	1880
7748	1856	1857
7749	1856	1857
7750	1882	1883
7751	1862	1863
7752	1880	1881
7753	1870	1870
7754	1856	1857
7755	1873	1873
7756	1880	1881
7757	1862	1863
7758	1856	1857
7759	1888	1889
7760	1873	1873
7761	1876	1876
7762	1875	1875
7763	1892	1893
7764	1890	1891
7765	1861	1862
7766	1873	1873
7767	1856	1857
7768	1866	1869
7769	1866	1867
7770	1895	1896
7771	1878	1879
7772	1856	1862
7773	1856	1857
7774	1886	1887
7775	1883	1884
7776	1865	1866
7777	1861	1862
7778	1873	1873
7779	1861	1862
7780	1862	1863
7781	1879	1883
7782	1882	1883
7783	1857	1858
7784	1874	1875
7785	1874	1875
7786	1875	1875
7787	1875	1876
7788	1887	1888
7789	1869	1870
7790	1867	1867
7791	1861	1862
7792	1868	1869
7793	1870	1870
7794	1890	1891
7795	1890	1891
7796	1874	1874
7797	1895	1896
7798	1885	1886
7799	1875	1875
7800	1885	1886
7801	1889	1890
7802	1886	1887
7803	1885	1886
7804	1890	1891
7805	1856	1857
7806	1881	1882
7807	1877	1877
7808	1879	1879
7809	1884	1885
7810	1887	1889
7811	1885	1886
7812	1880	1882
